Filename,URL
CFK101_Marrom_1.jpg,http://res.cloudinary.com/dzvn3l0dj/image/upload/v1688842344/w4ohxjqblceezv72vvg5.jpg
CFK101_Marrom_2.jpg,http://res.cloudinary.com/dzvn3l0dj/image/upload/v1688842344/om1izd6okoa8ypecq82p.jpg
CFK101_Marrom_3.jpg,http://res.cloudinary.com/dzvn3l0dj/image/upload/v1688842344/hnsr7wpdckr2qlnjf81k.jpg
CFK101_Marrom_4.jpg,http://res.cloudinary.com/dzvn3l0dj/image/upload/v1688842344/mkcvrmhasoxajgmokzim.jpg
CFK101_Nude_1.jpg,http://res.cloudinary.com/dzvn3l0dj/image/upload/v1688842344/umiraomvh4nxl7mdsstq.jpg
CFK101_Nude_2.jpg,http://res.cloudinary.com/dzvn3l0dj/image/upload/v1688842345/s9qx2okqz3ltzftjolrp.jpg
CFK101_Nude_3.jpg,http://res.cloudinary.com/dzvn3l0dj/image/upload/v1688842345/jrqj8kmheibkmekhy4f1.jpg
CFK101_Nude_4.jpg,http://res.cloudinary.com/dzvn3l0dj/image/upload/v1688842345/tvasobn79vp2a1nwxlxz.jpg
CFK101_Preta_1.jpg,http://res.cloudinary.com/dzvn3l0dj/image/upload/v1688842345/xj8affxzxnhgti0bjibb.jpg
CFK101_Preta_2.jpg,http://res.cloudinary.com/dzvn3l0dj/image/upload/v1688842345/e9xme0b9jumnhrz55flb.jpg
CFK101_Preta_3.jpg,http://res.cloudinary.com/dzvn3l0dj/image/upload/v1688842345/lt42b31aaki2tfmznfln.jpg
CFK101_Preta_4.jpg,http://res.cloudinary.com/dzvn3l0dj/image/upload/v1688842345/lugixj0kwjqrqba6mtbx.jpg
CFK102_Marrom_1.jpg,http://res.cloudinary.com/dzvn3l0dj/image/upload/v1688842345/wxn2gges9ajam9425f88.jpg
CFK102_Marrom_2.jpg,http://res.cloudinary.com/dzvn3l0dj/image/upload/v1688842345/twphwl0p5beqj0ipnist.jpg
CFK102_Marrom_3.jpg,http://res.cloudinary.com/dzvn3l0dj/image/upload/v1688842345/hjphocpq35ufvhgfqftj.jpg
CFK102_Marrom_4.jpg,http://res.cloudinary.com/dzvn3l0dj/image/upload/v1688842345/ymaj1iiduvcxsdfb8ytb.jpg
CFK102_Nude_1.jpg,http://res.cloudinary.com/dzvn3l0dj/image/upload/v1688842345/p4w90h0uickmbvw7q4jp.jpg
CFK102_Nude_2.jpg,http://res.cloudinary.com/dzvn3l0dj/image/upload/v1688842346/irfxvro9xzcfzwrubuiv.jpg
CFK102_Nude_3.jpg,http://res.cloudinary.com/dzvn3l0dj/image/upload/v1688842346/a9zg6lu9wjuonio6kpei.jpg
CFK102_Nude_4.jpg,http://res.cloudinary.com/dzvn3l0dj/image/upload/v1688842346/ywotqljijj2aqqnl2xus.jpg
CFK102_Preta_1.jpg,http://res.cloudinary.com/dzvn3l0dj/image/upload/v1688842346/sbetqoimonilj4lhg6ps.jpg
CFK102_Preta_2.jpg,http://res.cloudinary.com/dzvn3l0dj/image/upload/v1688842346/y5m2x9fuimue14tw95ln.jpg
CFK102_Preta_3.jpg,http://res.cloudinary.com/dzvn3l0dj/image/upload/v1688842346/grcmizrfljgftikij1yk.jpg
CFK102_Preta_4.jpg,http://res.cloudinary.com/dzvn3l0dj/image/upload/v1688842346/j33om8gxig8bjjukwrvn.jpg
CFK103_Marrom_1.jpg,http://res.cloudinary.com/dzvn3l0dj/image/upload/v1688842346/r1gagppshswxvqqvwhyd.jpg
CFK103_Marrom_2.jpg,http://res.cloudinary.com/dzvn3l0dj/image/upload/v1688842346/pskxjqtakk1qfrythed5.jpg
CFK103_Marrom_3.jpg,http://res.cloudinary.com/dzvn3l0dj/image/upload/v1688842347/bzu6oqiyasskxx0k5gud.jpg
CFK103_Marrom_4.jpg,http://res.cloudinary.com/dzvn3l0dj/image/upload/v1688842346/jahgkvo1lh6ag9gbg1lx.jpg
CFK103_Nude_1.jpg,http://res.cloudinary.com/dzvn3l0dj/image/upload/v1688842346/xecffgsmwzy21xyxbrdz.jpg
CFK103_Nude_2.jpg,http://res.cloudinary.com/dzvn3l0dj/image/upload/v1688842346/fxyhfcxev6lysf2bk8ck.jpg
CFK103_Nude_3.jpg,http://res.cloudinary.com/dzvn3l0dj/image/upload/v1688842347/b92bagycmpiayehgyhch.jpg
CFK103_Nude_4.jpg,http://res.cloudinary.com/dzvn3l0dj/image/upload/v1688842347/qcyrfureei0mfufi4mqy.jpg
CFK103_Preta_1.jpg,http://res.cloudinary.com/dzvn3l0dj/image/upload/v1688842347/szpm3bghukm2dv3vb0x4.jpg
CFK103_Preta_2.jpg,http://res.cloudinary.com/dzvn3l0dj/image/upload/v1688842347/h6otq2fdojodwvmxmxty.jpg
CFK103_Preta_3.jpg,http://res.cloudinary.com/dzvn3l0dj/image/upload/v1688842347/sja2aqhhdyle0cntedof.jpg
CFK103_Preta_4.jpg,http://res.cloudinary.com/dzvn3l0dj/image/upload/v1688842347/mdszhcgwl3sb4btpdmkh.jpg
CFK104_Marrom_1.jpg,http://res.cloudinary.com/dzvn3l0dj/image/upload/v1688842347/jnrtfurebahsqzhdkmu6.jpg
CFK104_Marrom_2.jpg,http://res.cloudinary.com/dzvn3l0dj/image/upload/v1688842347/ugufhxvyuvmgsurrnvtg.jpg
CFK104_Marrom_3.jpg,http://res.cloudinary.com/dzvn3l0dj/image/upload/v1688842347/gao8imkcyaljkfgpg6hv.jpg
CFK104_Marrom_4.jpg,http://res.cloudinary.com/dzvn3l0dj/image/upload/v1688842347/ajdt831tutyyakwdy4sf.jpg
CFK104_Nude_1.jpg,http://res.cloudinary.com/dzvn3l0dj/image/upload/v1688842348/qomjtjje4kemrdvk6hgs.jpg
CFK104_Nude_2.jpg,http://res.cloudinary.com/dzvn3l0dj/image/upload/v1688842348/vnl83ntudmxpq2zr5p1z.jpg
CFK104_Nude_3.jpg,http://res.cloudinary.com/dzvn3l0dj/image/upload/v1688842348/b3o70ivysgbteretqvjn.jpg
CFK104_Nude_4.jpg,http://res.cloudinary.com/dzvn3l0dj/image/upload/v1688842348/conlczaiivevfc2jehpr.jpg
CFK104_Preta_1.jpg,http://res.cloudinary.com/dzvn3l0dj/image/upload/v1688842348/bhjyahpqly1r7z6ddyup.jpg
CFK104_Preta_2.jpg,http://res.cloudinary.com/dzvn3l0dj/image/upload/v1688842348/dssg58nwyhtj45ahkaxv.jpg
CFK104_Preta_3.jpg,http://res.cloudinary.com/dzvn3l0dj/image/upload/v1688842348/zuebuzyryd7ufjvytzxp.jpg
CFK104_Preta_4.jpg,http://res.cloudinary.com/dzvn3l0dj/image/upload/v1688842348/wvvdddcrqojyyo3xabjx.jpg
CFK105_Marrom_1.jpg,http://res.cloudinary.com/dzvn3l0dj/image/upload/v1688842348/en5aez5i9jjilkqmt5i6.jpg
CFK105_Marrom_2.jpg,http://res.cloudinary.com/dzvn3l0dj/image/upload/v1688842348/t1bio24tx5wkfeowr1ch.jpg
CFK105_Marrom_3.jpg,http://res.cloudinary.com/dzvn3l0dj/image/upload/v1688842349/cnfnhlofb9za7uorkv87.jpg
CFK105_Marrom_4.jpg,http://res.cloudinary.com/dzvn3l0dj/image/upload/v1688842349/jt4ly6w5xcnjihx9ud6j.jpg
CFK105_Nude_1.jpg,http://res.cloudinary.com/dzvn3l0dj/image/upload/v1688842349/igdvqheu3awo2cffsfgq.jpg
CFK105_Nude_2.jpg,http://res.cloudinary.com/dzvn3l0dj/image/upload/v1688842349/wme8gtwtcdawhjvhtmg0.jpg
CFK105_Nude_3.jpg,http://res.cloudinary.com/dzvn3l0dj/image/upload/v1688842349/rx5qv4lcbz2n1x8eh0ol.jpg
CFK105_Nude_4.jpg,http://res.cloudinary.com/dzvn3l0dj/image/upload/v1688842349/dw9vr5u5az3tg7msikdo.jpg
CFK105_Preta_1.jpg,http://res.cloudinary.com/dzvn3l0dj/image/upload/v1688842349/pf3v2mnmelunaj2q3do6.jpg
CFK105_Preta_2.jpg,http://res.cloudinary.com/dzvn3l0dj/image/upload/v1688842349/tcyusxfm16e6nwqvuang.jpg
CFK105_Preta_3.jpg,http://res.cloudinary.com/dzvn3l0dj/image/upload/v1688842349/hkqzuvru5hvoufccazuq.jpg
CFK105_Preta_4.jpg,http://res.cloudinary.com/dzvn3l0dj/image/upload/v1688842349/czbpyezpgizaycvaxyh5.jpg
CFK106_Marrom_1.jpg,http://res.cloudinary.com/dzvn3l0dj/image/upload/v1688842350/wozq7arlzvclwgxdrohf.jpg
CFK106_Marrom_2.jpg,http://res.cloudinary.com/dzvn3l0dj/image/upload/v1688842350/lj160wicpm5mcdd9m2kh.jpg
CFK106_Marrom_3.jpg,http://res.cloudinary.com/dzvn3l0dj/image/upload/v1688842350/dsj8en2apguey5c6qacr.jpg
CFK106_Marrom_4.jpg,http://res.cloudinary.com/dzvn3l0dj/image/upload/v1688842350/jo4boziqxkzgwuonoaoq.jpg
CFK106_Nude_1.jpg,http://res.cloudinary.com/dzvn3l0dj/image/upload/v1688842350/mhsgoolxr77oje2iyzwf.jpg
CFK106_Nude_2.jpg,http://res.cloudinary.com/dzvn3l0dj/image/upload/v1688842350/zemw0wwlms7dryydupnu.jpg
CFK106_Nude_3.jpg,http://res.cloudinary.com/dzvn3l0dj/image/upload/v1688842350/bwv6qfzqcqjqq4zrw8xk.jpg
CFK106_Nude_4.jpg,http://res.cloudinary.com/dzvn3l0dj/image/upload/v1688842350/y3519qdsrxnn5rajipag.jpg
CFK106_Preta_1.jpg,http://res.cloudinary.com/dzvn3l0dj/image/upload/v1688842350/ire0zma2k2td0dnb7uep.jpg
CFK106_Preta_2.jpg,http://res.cloudinary.com/dzvn3l0dj/image/upload/v1688842350/bjundb2gh9j9jzgy0kyx.jpg
CFK106_Preta_3.jpg,http://res.cloudinary.com/dzvn3l0dj/image/upload/v1688842351/aaiz2bhntv26afzjcwl1.jpg
CFK106_Preta_4.jpg,http://res.cloudinary.com/dzvn3l0dj/image/upload/v1688842351/opvbokk6y5sbokbesc2g.jpg
CFK107_Azul_1.jpg,http://res.cloudinary.com/dzvn3l0dj/image/upload/v1688842351/nidan5bj6ihwog42wlux.jpg
CFK107_Azul_2.jpg,http://res.cloudinary.com/dzvn3l0dj/image/upload/v1688842351/r554buqesftdlk4ivsd8.jpg
CFK107_Azul_3.jpg,http://res.cloudinary.com/dzvn3l0dj/image/upload/v1688842351/nmhbljhllagifno4kpwv.jpg
CFK107_Azul_4.jpg,http://res.cloudinary.com/dzvn3l0dj/image/upload/v1688842351/yepbbampqq83wifrntp7.jpg
CFK107_Nude_1.jpg,http://res.cloudinary.com/dzvn3l0dj/image/upload/v1688842351/acsoezrg86erhhpiialc.jpg
CFK107_Nude_2.jpg,http://res.cloudinary.com/dzvn3l0dj/image/upload/v1688842351/epjvuevslejt34yjuswi.jpg
CFK107_Nude_3.jpg,http://res.cloudinary.com/dzvn3l0dj/image/upload/v1688842351/kplz6hubc0au8w1b4rom.jpg
CFK107_Nude_4.jpg,http://res.cloudinary.com/dzvn3l0dj/image/upload/v1688842351/rgiapq2anvokwvl2qikm.jpg
CFK107_Vinho_1.jpg,http://res.cloudinary.com/dzvn3l0dj/image/upload/v1688842352/wcryy5foclaua43xmk5j.jpg
CFK107_Vinho_2.jpg,http://res.cloudinary.com/dzvn3l0dj/image/upload/v1688842352/zojrpdtbyggz9ni7pjec.jpg
CFK107_Vinho_3.jpg,http://res.cloudinary.com/dzvn3l0dj/image/upload/v1688842352/qnqhz728ucmujoqjf94v.jpg
CFK107_Vinho_4.jpg,http://res.cloudinary.com/dzvn3l0dj/image/upload/v1688842352/fhdyo4xjtz2931rdje2b.jpg
CFK108_Azul_1.jpg,http://res.cloudinary.com/dzvn3l0dj/image/upload/v1688842352/ny8eaoyrbwxvaxx8zjsu.jpg
CFK108_Azul_2.jpg,http://res.cloudinary.com/dzvn3l0dj/image/upload/v1688842352/tftpxzqvbnqmsefpr1h9.jpg
CFK108_Azul_3.jpg,http://res.cloudinary.com/dzvn3l0dj/image/upload/v1688842352/wekb5o8ctfmbwsf01h6o.jpg
CFK108_Azul_4.jpg,http://res.cloudinary.com/dzvn3l0dj/image/upload/v1688842352/rpqqa7cqxxkv6rwjikjl.jpg
CFK108_Nude_1.jpg,http://res.cloudinary.com/dzvn3l0dj/image/upload/v1688842352/p9vj2ky33np79ui8dksn.jpg
CFK108_Nude_2.jpg,http://res.cloudinary.com/dzvn3l0dj/image/upload/v1688842352/qtwyc9tyymloze6txjul.jpg
CFK108_Nude_3.jpg,http://res.cloudinary.com/dzvn3l0dj/image/upload/v1688842353/op1inpo3lfif3eaxc5w1.jpg
CFK108_Nude_4.jpg,http://res.cloudinary.com/dzvn3l0dj/image/upload/v1688842353/f2pd49csl1vgoywxdugl.jpg
CFK108_Vinho_1.jpg,http://res.cloudinary.com/dzvn3l0dj/image/upload/v1688842353/i500s7anoddodoahmmop.jpg
CFK108_Vinho_2.jpg,http://res.cloudinary.com/dzvn3l0dj/image/upload/v1688842353/rlnj5n63robypoefonak.jpg
CFK108_Vinho_3.jpg,http://res.cloudinary.com/dzvn3l0dj/image/upload/v1688842353/ou79xn1zly67vp8tr51v.jpg
CFK108_Vinho_4.jpg,http://res.cloudinary.com/dzvn3l0dj/image/upload/v1688842353/ubstxlyozcdkaoyvljav.jpg
CFK109_Azul_1.jpg,http://res.cloudinary.com/dzvn3l0dj/image/upload/v1688842353/d6fsgf76ibtxkynfwfw4.jpg
CFK109_Azul_2.jpg,http://res.cloudinary.com/dzvn3l0dj/image/upload/v1688842353/jar3fnagogscdcc6hnjz.jpg
CFK109_Azul_3.jpg,http://res.cloudinary.com/dzvn3l0dj/image/upload/v1688842353/fututi7fij3natout2on.jpg
CFK109_Azul_4.jpg,http://res.cloudinary.com/dzvn3l0dj/image/upload/v1688842353/zyfce1os5mmfzvi8icwc.jpg
CFK109_Nude_1.jpg,http://res.cloudinary.com/dzvn3l0dj/image/upload/v1688842354/prb6wsnxphtal53dydry.jpg
CFK109_Nude_2.jpg,http://res.cloudinary.com/dzvn3l0dj/image/upload/v1688842354/a0c5wmv5sstwljslqv16.jpg
CFK109_Nude_3.jpg,http://res.cloudinary.com/dzvn3l0dj/image/upload/v1688842354/acrqijakkhxrztnqvtfw.jpg
CFK109_Nude_4.jpg,http://res.cloudinary.com/dzvn3l0dj/image/upload/v1688842354/fj2h5vnmrugd10nnpjcc.jpg
CFK109_Vinho_1.jpg,http://res.cloudinary.com/dzvn3l0dj/image/upload/v1688842354/k5gvdhsqompvriisputf.jpg
CFK109_Vinho_2.jpg,http://res.cloudinary.com/dzvn3l0dj/image/upload/v1688842354/reurpdfr768t8xsmcx07.jpg
CFK109_Vinho_3.jpg,http://res.cloudinary.com/dzvn3l0dj/image/upload/v1688842354/slrkygsxsyjaqggzh6eh.jpg
CFK109_Vinho_4.jpg,http://res.cloudinary.com/dzvn3l0dj/image/upload/v1688842354/a10dor4l1vc00i1ycseu.jpg
CFK110_Azul_1.jpg,http://res.cloudinary.com/dzvn3l0dj/image/upload/v1688842354/kr5zpdrcy03cj1q55yqk.jpg
CFK110_Azul_2.jpg,http://res.cloudinary.com/dzvn3l0dj/image/upload/v1688842354/c8sq4mqrfnq13yqoahd4.jpg
CFK110_Azul_3.jpg,http://res.cloudinary.com/dzvn3l0dj/image/upload/v1688842355/y4xylzu1yldi0dercuy8.jpg
CFK110_Azul_4.jpg,http://res.cloudinary.com/dzvn3l0dj/image/upload/v1688842355/yjsdlokd9iszkhfgsewm.jpg
CFK110_Nude_1.jpg,http://res.cloudinary.com/dzvn3l0dj/image/upload/v1688842355/an7adpinshf4ahrm6ois.jpg
CFK110_Nude_2.jpg,http://res.cloudinary.com/dzvn3l0dj/image/upload/v1688842355/qqrruvywl1p0a7o0wudt.jpg
CFK110_Nude_3.jpg,http://res.cloudinary.com/dzvn3l0dj/image/upload/v1688842355/fun8j0fc41tmidmtt2yg.jpg
CFK110_Nude_4.jpg,http://res.cloudinary.com/dzvn3l0dj/image/upload/v1688842355/chr7ir1kyu6kaxxgxkwd.jpg
CFK110_Vinho_1.jpg,http://res.cloudinary.com/dzvn3l0dj/image/upload/v1688842355/cuqofs4ixd1lm90he0rf.jpg
CFK110_Vinho_2.jpg,http://res.cloudinary.com/dzvn3l0dj/image/upload/v1688842355/qxs1bfqogebabilsiksl.jpg
CFK110_Vinho_3.jpg,http://res.cloudinary.com/dzvn3l0dj/image/upload/v1688842355/jrbvtnjkuvqxkp2wfehm.jpg
CFK110_Vinho_4.jpg,http://res.cloudinary.com/dzvn3l0dj/image/upload/v1688842355/ocpausuruuqz6ii1jyt7.jpg
CFK111_Azul_1.jpg,http://res.cloudinary.com/dzvn3l0dj/image/upload/v1688842356/ytzbgbzyda1kf0cg0l2d.jpg
CFK111_Azul_2.jpg,http://res.cloudinary.com/dzvn3l0dj/image/upload/v1688842356/x63mge8csbh223cyfqoi.jpg
CFK111_Azul_3.jpg,http://res.cloudinary.com/dzvn3l0dj/image/upload/v1688842356/bdlpxom095vga29zlemo.jpg
CFK111_Azul_4.jpg,http://res.cloudinary.com/dzvn3l0dj/image/upload/v1688842356/dlkshnllviujybd9xmyc.jpg
CFK111_Nude_1.jpg,http://res.cloudinary.com/dzvn3l0dj/image/upload/v1688842356/qsmm4w3kkhlkgo5z3oug.jpg
CFK111_Nude_2.jpg,http://res.cloudinary.com/dzvn3l0dj/image/upload/v1688842356/dvt35rxnobrgrtepblir.jpg
CFK111_Nude_3.jpg,http://res.cloudinary.com/dzvn3l0dj/image/upload/v1688842356/qn2nureok3qyv3acdaro.jpg
CFK111_Nude_4.jpg,http://res.cloudinary.com/dzvn3l0dj/image/upload/v1688842356/f3rt2ojfpbcijmwkw4tq.jpg
CFK111_Vinho_1.jpg,http://res.cloudinary.com/dzvn3l0dj/image/upload/v1688842356/ixu5ix0clpfkttdr0zbi.jpg
CFK111_Vinho_2.jpg,http://res.cloudinary.com/dzvn3l0dj/image/upload/v1688842356/lfc2fvanngrkgl7ynolb.jpg
CFK111_Vinho_3.jpg,http://res.cloudinary.com/dzvn3l0dj/image/upload/v1688842357/v6wx7v5qnurv4kuogwht.jpg
CFK111_Vinho_4.jpg,http://res.cloudinary.com/dzvn3l0dj/image/upload/v1688842357/elfaegamdl83rv1ezrui.jpg
CFK112_Azul_1.jpg,http://res.cloudinary.com/dzvn3l0dj/image/upload/v1688842357/vrfjnabm8ljrpkvxghz1.jpg
CFK112_Azul_2.jpg,http://res.cloudinary.com/dzvn3l0dj/image/upload/v1688842357/tfydkvw9m9gg332ov3go.jpg
CFK112_Azul_3.jpg,http://res.cloudinary.com/dzvn3l0dj/image/upload/v1688842357/sg2dmjfqzmldyg29fboi.jpg
CFK112_Azul_4.jpg,http://res.cloudinary.com/dzvn3l0dj/image/upload/v1688842357/zaogigirjylbhlfdebuy.jpg
CFK112_Nude_1.jpg,http://res.cloudinary.com/dzvn3l0dj/image/upload/v1688842357/wet8mvnzvr8qsk0dzctg.jpg
CFK112_Nude_2.jpg,http://res.cloudinary.com/dzvn3l0dj/image/upload/v1688842357/kpefdh7c8slgto45o5yc.jpg
CFK112_Nude_3.jpg,http://res.cloudinary.com/dzvn3l0dj/image/upload/v1688842357/a3b7gmwjayt33ctnaers.jpg
CFK112_Nude_4.jpg,http://res.cloudinary.com/dzvn3l0dj/image/upload/v1688842357/lrln1lia0rvdybf2bxnc.jpg
CFK112_Vinho_1.jpg,http://res.cloudinary.com/dzvn3l0dj/image/upload/v1688842358/qwvt7mpo63kfscpnfy8f.jpg
CFK112_Vinho_2.jpg,http://res.cloudinary.com/dzvn3l0dj/image/upload/v1688842358/etcdbfpj5que04gug2dl.jpg
CFK112_Vinho_3.jpg,http://res.cloudinary.com/dzvn3l0dj/image/upload/v1688842358/ec8lpz4vxmjfllzcoeiu.jpg
CFK112_Vinho_4.jpg,http://res.cloudinary.com/dzvn3l0dj/image/upload/v1688842358/awq5rnkuyeks0l3qddff.jpg
FK600_Azul_1.jpg,http://res.cloudinary.com/dzvn3l0dj/image/upload/v1688842358/otflrawjxsi2n9aqmjg3.jpg
FK600_Azul_2.jpg,http://res.cloudinary.com/dzvn3l0dj/image/upload/v1688842358/beqsb0b3qv3xkczukf3c.jpg
FK600_Azul_3.jpg,http://res.cloudinary.com/dzvn3l0dj/image/upload/v1688842358/pmndh4mktdgmnebjzisx.jpg
FK600_Azul_4.jpg,http://res.cloudinary.com/dzvn3l0dj/image/upload/v1688842358/q9y6wbvt4lwcgygiuq2i.jpg
FK600_Cobra_Azul_1.jpg,http://res.cloudinary.com/dzvn3l0dj/image/upload/v1688842358/ygl6heffqnqtwsnlc0ta.jpg
FK600_Cobra_Azul_2.jpg,http://res.cloudinary.com/dzvn3l0dj/image/upload/v1688842358/w9hgc3z0aneinq9xiaoc.jpg
FK600_Cobra_Azul_3.jpg,http://res.cloudinary.com/dzvn3l0dj/image/upload/v1688842359/zrps0hasafph5a47pbyb.jpg
FK600_Cobra_Azul_4.jpg,http://res.cloudinary.com/dzvn3l0dj/image/upload/v1688842359/my78154frgdhz0x6d58c.jpg
FK600_Marrom_1.jpg,http://res.cloudinary.com/dzvn3l0dj/image/upload/v1688842359/dkip2si3vuhdtmgzxxon.jpg
FK600_Marrom_2.jpg,http://res.cloudinary.com/dzvn3l0dj/image/upload/v1688842359/qhvvqlz3hknpoj1gyrc4.jpg
FK600_Marrom_3.jpg,http://res.cloudinary.com/dzvn3l0dj/image/upload/v1688842359/xquskvdee4azeifjiazx.jpg
FK600_Marrom_4.jpg,http://res.cloudinary.com/dzvn3l0dj/image/upload/v1688842359/j9hz5xcpi5oc9ikk38uo.jpg
FK600_Nude_1.jpg,http://res.cloudinary.com/dzvn3l0dj/image/upload/v1688842359/prb5vcukvvr42dzw4uuk.jpg
FK600_Nude_2.jpg,http://res.cloudinary.com/dzvn3l0dj/image/upload/v1688842359/nh1cwiexvkhy4idqacmw.jpg
FK600_Nude_3.jpg,http://res.cloudinary.com/dzvn3l0dj/image/upload/v1688842359/wqzyyvzrzzalpmxsv2fu.jpg
FK600_Nude_4.jpg,http://res.cloudinary.com/dzvn3l0dj/image/upload/v1688842359/i9tbtyjv2bi1dymzqvgd.jpg
FK601_Azul_1.jpg,http://res.cloudinary.com/dzvn3l0dj/image/upload/v1688842360/gztybuyenwnanngnak7r.jpg
FK601_Azul_2.jpg,http://res.cloudinary.com/dzvn3l0dj/image/upload/v1688842360/biznkjoxyh77thn5uwbg.jpg
FK601_Azul_3.jpg,http://res.cloudinary.com/dzvn3l0dj/image/upload/v1688842360/obyzdw5vukhk3cs0miqj.jpg
FK601_Azul_4.jpg,http://res.cloudinary.com/dzvn3l0dj/image/upload/v1688842360/bdmzhtvukboh0ripjykb.jpg
FK601_Cobra_Azul_1.jpg,http://res.cloudinary.com/dzvn3l0dj/image/upload/v1688842360/wdptjmuy5luklwcwewpm.jpg
FK601_Cobra_Azul_2.jpg,http://res.cloudinary.com/dzvn3l0dj/image/upload/v1688842362/kgieydksf75djqo4c1nm.jpg
FK601_Cobra_Azul_3.jpg,http://res.cloudinary.com/dzvn3l0dj/image/upload/v1688842360/kd2j3igxucu68lvw8jbt.jpg
FK601_Cobra_Azul_4.jpg,http://res.cloudinary.com/dzvn3l0dj/image/upload/v1688842360/goo15md8naqubphp6dx5.jpg
FK601_Marrom_1.jpg,http://res.cloudinary.com/dzvn3l0dj/image/upload/v1688842362/adebhowkzhdkfxss2fzf.jpg
FK601_Marrom_2.jpg,http://res.cloudinary.com/dzvn3l0dj/image/upload/v1688842362/u79a1tajlmquvzgzbhss.jpg
FK601_Marrom_3.jpg,http://res.cloudinary.com/dzvn3l0dj/image/upload/v1688842361/ys5kmcb6ydu7a2fsvejr.jpg
FK601_Marrom_4.jpg,http://res.cloudinary.com/dzvn3l0dj/image/upload/v1688842361/jisxcfhnhacbishmslmb.jpg
FK601_Nude_1.jpg,http://res.cloudinary.com/dzvn3l0dj/image/upload/v1688842361/uszxexkwokygtitimd9o.jpg
FK601_Nude_2.jpg,http://res.cloudinary.com/dzvn3l0dj/image/upload/v1688842361/bdmfza9pxc0vgz5mhel5.jpg
FK601_Nude_3.jpg,http://res.cloudinary.com/dzvn3l0dj/image/upload/v1688842361/dj8ghkwhgotw2kccg9yj.jpg
FK601_Nude_4.jpg,http://res.cloudinary.com/dzvn3l0dj/image/upload/v1688842363/softcuzunejqosy1pcyj.jpg
FK602_Azul_1.jpg,http://res.cloudinary.com/dzvn3l0dj/image/upload/v1688842361/nqgcolhisila18zvqvrc.jpg
FK602_Azul_2.jpg,http://res.cloudinary.com/dzvn3l0dj/image/upload/v1688842361/ykpxwpn8zpx3sooxfuen.jpg
FK602_Azul_3.jpg,http://res.cloudinary.com/dzvn3l0dj/image/upload/v1688842363/ht6rewdnkloviki2swln.jpg
FK602_Azul_4.jpg,http://res.cloudinary.com/dzvn3l0dj/image/upload/v1688842361/nk9zbwqchanozzo0fecd.jpg
FK602_Cobra_Azul_1.jpg,http://res.cloudinary.com/dzvn3l0dj/image/upload/v1688842378/amnvwgty24ajwdyb8yni.jpg
FK602_Cobra_Azul_2.jpg,http://res.cloudinary.com/dzvn3l0dj/image/upload/v1688842362/rbewyvihf7hj8n1pymtg.jpg
FK602_Cobra_Azul_3.jpg,http://res.cloudinary.com/dzvn3l0dj/image/upload/v1688842362/zso6eto2gwmuxkx5s5vw.jpg
FK602_Cobra_Azul_4.jpg,http://res.cloudinary.com/dzvn3l0dj/image/upload/v1688842410/wh13zwnirj2qga4atpik.jpg
FK602_Marrom_1.jpg,http://res.cloudinary.com/dzvn3l0dj/image/upload/v1688842387/bw3pcvjiqwven57wt6qy.jpg
FK602_Marrom_2.jpg,http://res.cloudinary.com/dzvn3l0dj/image/upload/v1688842362/xtvasjuwvt25ofcxbrod.jpg
FK602_Marrom_3.jpg,http://res.cloudinary.com/dzvn3l0dj/image/upload/v1688842362/p0ou0gmlsvfxkrfzuv0v.jpg
FK602_Marrom_4.jpg,http://res.cloudinary.com/dzvn3l0dj/image/upload/v1688842362/pylikb4t6hccuda59o5t.jpg
FK602_Nude_1.jpg,http://res.cloudinary.com/dzvn3l0dj/image/upload/v1688842362/xiqpaypmlfomcrjrdxcn.jpg
FK602_Nude_2.jpg,http://res.cloudinary.com/dzvn3l0dj/image/upload/v1688842362/nf5kvqt7qp3sftshzssy.jpg
FK602_Nude_3.jpg,http://res.cloudinary.com/dzvn3l0dj/image/upload/v1688842363/xheoc5eyndmc3jwyksll.jpg
FK602_Nude_4.jpg,http://res.cloudinary.com/dzvn3l0dj/image/upload/v1688842363/idf2eq39hof1nbnxihhw.jpg
FK603_Amarela_1.jpg,http://res.cloudinary.com/dzvn3l0dj/image/upload/v1688842363/elhugirnjpngsob5cnlv.jpg
FK603_Amarela_2.jpg,http://res.cloudinary.com/dzvn3l0dj/image/upload/v1688842363/q3mijsd554jr8epazdfj.jpg
FK603_Amarela_3.jpg,http://res.cloudinary.com/dzvn3l0dj/image/upload/v1688842363/mrh9vtonvo1kgdd7mpi3.jpg
FK603_Amarela_4.jpg,http://res.cloudinary.com/dzvn3l0dj/image/upload/v1688842364/ex3rlipyibekzfz909ya.jpg
FK603_Nude_1.jpg,http://res.cloudinary.com/dzvn3l0dj/image/upload/v1688842375/hmabjpmweacmrq64imtc.jpg
FK603_Nude_2.jpg,http://res.cloudinary.com/dzvn3l0dj/image/upload/v1688842371/ammjcvzrzpawn1sxvqxp.jpg
FK603_Nude_3.jpg,http://res.cloudinary.com/dzvn3l0dj/image/upload/v1688842363/h7ahz3bzmogoxjw30l6t.jpg
FK603_Nude_4.jpg,http://res.cloudinary.com/dzvn3l0dj/image/upload/v1688842365/pa6fwztdnwicm7dbphrq.jpg
FK603_Verde_1.jpg,http://res.cloudinary.com/dzvn3l0dj/image/upload/v1688842364/htoynemaunbimb3fgako.jpg
FK603_Verde_2.jpg,http://res.cloudinary.com/dzvn3l0dj/image/upload/v1688842364/twmgiryzfmwsto2adwbi.jpg
FK603_Verde_3.jpg,http://res.cloudinary.com/dzvn3l0dj/image/upload/v1688842364/byqoc37btc1j763ml4xn.jpg
FK603_Verde_4.jpg,http://res.cloudinary.com/dzvn3l0dj/image/upload/v1688842364/rahwhlw8hrujngct04xn.jpg
FK604_Amarela_1.jpg,http://res.cloudinary.com/dzvn3l0dj/image/upload/v1688842364/pkxb6acwshphk3jytxzf.jpg
FK604_Amarela_2.jpg,http://res.cloudinary.com/dzvn3l0dj/image/upload/v1688842381/fstrhjooadkfqti2b65u.jpg
FK604_Amarela_3.jpg,http://res.cloudinary.com/dzvn3l0dj/image/upload/v1688842367/ar1i03yu9wpmyyam6h8g.jpg
FK604_Amarela_4.jpg,http://res.cloudinary.com/dzvn3l0dj/image/upload/v1688842373/ggih3x6rv8wh9eonzdsz.jpg
FK604_Nude_1.jpg,http://res.cloudinary.com/dzvn3l0dj/image/upload/v1688842368/tt4jnk6rprgodk29k0be.jpg
FK604_Nude_2.jpg,http://res.cloudinary.com/dzvn3l0dj/image/upload/v1688842367/j5vxxgmrhdqvfqcqzthx.jpg
FK604_Nude_3.jpg,http://res.cloudinary.com/dzvn3l0dj/image/upload/v1688842365/dpcdya8jdg8snoqdankt.jpg
FK604_Nude_4.jpg,http://res.cloudinary.com/dzvn3l0dj/image/upload/v1688842365/rfshpnyirxm8zkuoymmu.jpg
FK604_Verde_1.jpg,http://res.cloudinary.com/dzvn3l0dj/image/upload/v1688842365/wfppke5mbvwehiidwn4p.jpg
FK604_Verde_2.jpg,http://res.cloudinary.com/dzvn3l0dj/image/upload/v1688842367/sr3roxsusji5i1papsxl.jpg
FK604_Verde_3.jpg,http://res.cloudinary.com/dzvn3l0dj/image/upload/v1688842365/dngowbi3vjpb4t4pcdog.jpg
FK604_Verde_4.jpg,http://res.cloudinary.com/dzvn3l0dj/image/upload/v1688842365/bwbdijtheozltqmknnkm.jpg
FK605_Amarela_1.jpg,http://res.cloudinary.com/dzvn3l0dj/image/upload/v1688842377/wi3sb0jhyevptawyzr9g.jpg
FK605_Amarela_2.jpg,http://res.cloudinary.com/dzvn3l0dj/image/upload/v1688842365/bzdnmolco7vy80lbilip.jpg
FK605_Amarela_3.jpg,http://res.cloudinary.com/dzvn3l0dj/image/upload/v1688842369/ec65jhgze7va9qtbwdha.jpg
FK605_Amarela_4.jpg,http://res.cloudinary.com/dzvn3l0dj/image/upload/v1688842366/yzfffezsvpc3hhkgquib.jpg
FK605_Nude_1.jpg,http://res.cloudinary.com/dzvn3l0dj/image/upload/v1688842402/cedhgsglhmv1vhd21ktd.jpg
FK605_Nude_2.jpg,http://res.cloudinary.com/dzvn3l0dj/image/upload/v1688842381/pwsbx8au4auhjvr8gux9.jpg
FK605_Nude_3.jpg,http://res.cloudinary.com/dzvn3l0dj/image/upload/v1688842368/aftzlzk3l40p7lmixcvg.jpg
FK605_Nude_4.jpg,http://res.cloudinary.com/dzvn3l0dj/image/upload/v1688842366/g1k6qngmsivhtsmviveq.jpg
FK605_Verde_1.jpg,http://res.cloudinary.com/dzvn3l0dj/image/upload/v1688842368/hsbedl83pxfpiqailqqn.jpg
FK605_Verde_2.jpg,http://res.cloudinary.com/dzvn3l0dj/image/upload/v1688842399/vlckmjqt1egdwntryor1.jpg
FK605_Verde_3.jpg,http://res.cloudinary.com/dzvn3l0dj/image/upload/v1688842408/q5elydlvrtl8pp3dfjpz.jpg
FK605_Verde_4.jpg,http://res.cloudinary.com/dzvn3l0dj/image/upload/v1688842395/asrapzqhpirskrg6tie0.jpg
FK606_Nude_1.jpg,http://res.cloudinary.com/dzvn3l0dj/image/upload/v1688842404/s4gfyxyfvdhec4mw7hrk.jpg
FK606_Nude_2.jpg,http://res.cloudinary.com/dzvn3l0dj/image/upload/v1688842382/ihvzi7ugzeiygstcdocw.jpg
FK606_Nude_3.jpg,http://res.cloudinary.com/dzvn3l0dj/image/upload/v1688842367/zppjmeox0ptucxqv32jq.jpg
FK606_Nude_4.jpg,http://res.cloudinary.com/dzvn3l0dj/image/upload/v1688842367/udspbgg4d11slsvow35p.jpg
FK606_Preta_1.jpg,http://res.cloudinary.com/dzvn3l0dj/image/upload/v1688842368/igfkdffpz7fqk1rlwtth.jpg
FK606_Preta_2.jpg,http://res.cloudinary.com/dzvn3l0dj/image/upload/v1688842367/fqm6xveiowd8uq7trc8h.jpg
FK606_Preta_3.jpg,http://res.cloudinary.com/dzvn3l0dj/image/upload/v1688842367/cer6zur7j6ath7g2dlh5.jpg
FK606_Preta_4.jpg,http://res.cloudinary.com/dzvn3l0dj/image/upload/v1688842376/avp6ivdoijdf6z1vhh65.jpg
FK606_Verde_1.jpg,http://res.cloudinary.com/dzvn3l0dj/image/upload/v1688842373/xbipzkrl66gy2eudqp4z.jpg
FK606_Verde_2.jpg,http://res.cloudinary.com/dzvn3l0dj/image/upload/v1688842368/oinvmjkhu0jfr3aclzu7.jpg
FK606_Verde_3.jpg,http://res.cloudinary.com/dzvn3l0dj/image/upload/v1688842375/ofwzkc4ssiowq3wf3y8e.jpg
FK606_Verde_4.jpg,http://res.cloudinary.com/dzvn3l0dj/image/upload/v1688842371/iqllluj8hcrd53z8taph.jpg
FK606_Vermelha_1.jpg,http://res.cloudinary.com/dzvn3l0dj/image/upload/v1688842374/tjssltxv9cvnej9px17k.jpg
FK606_Vermelha_2.jpg,http://res.cloudinary.com/dzvn3l0dj/image/upload/v1688842399/lk4cvkw0tapzqxkkboy9.jpg
FK606_Vermelha_3.jpg,http://res.cloudinary.com/dzvn3l0dj/image/upload/v1688842400/xi42de1vczc41phpfar2.jpg
FK606_Vermelha_4.jpg,http://res.cloudinary.com/dzvn3l0dj/image/upload/v1688842417/v3j5rqj7de17ugxkabma.jpg
FK607_Nude_1.jpg,http://res.cloudinary.com/dzvn3l0dj/image/upload/v1688842403/ghqqboeggs78tqj7mnli.jpg
FK607_Nude_2.jpg,http://res.cloudinary.com/dzvn3l0dj/image/upload/v1688842369/nebdnjegwoiml26q9i9o.jpg
FK607_Nude_3.jpg,http://res.cloudinary.com/dzvn3l0dj/image/upload/v1688842369/nw1zoxlcfpcvemheitv3.jpg
FK607_Nude_4.jpg,http://res.cloudinary.com/dzvn3l0dj/image/upload/v1688842371/bjvl98myjwsupgaw1wjb.jpg
FK607_Preta_1.jpg,http://res.cloudinary.com/dzvn3l0dj/image/upload/v1688842418/lmh8al29hd7uknttly4w.jpg
FK607_Preta_2.jpg,http://res.cloudinary.com/dzvn3l0dj/image/upload/v1688842403/ak18xsh8kpuxqi1lbpab.jpg
FK607_Preta_3.jpg,http://res.cloudinary.com/dzvn3l0dj/image/upload/v1688842370/lyvgvy8kyrl6cd3rq4ui.jpg
FK607_Preta_4.jpg,http://res.cloudinary.com/dzvn3l0dj/image/upload/v1688842400/hc6ckyjzfxyl9zkvkddh.jpg
FK607_Verde_1.jpg,http://res.cloudinary.com/dzvn3l0dj/image/upload/v1688842393/efpqqhcngoeljlvltqrk.jpg
FK607_Verde_2.jpg,http://res.cloudinary.com/dzvn3l0dj/image/upload/v1688842372/d0lf3r6vnwxsufsxznzl.jpg
FK607_Verde_3.jpg,http://res.cloudinary.com/dzvn3l0dj/image/upload/v1688842398/vwvujgxtp100zzlbalwa.jpg
FK607_Verde_4.jpg,http://res.cloudinary.com/dzvn3l0dj/image/upload/v1688842400/cymxhh3iqvk2cr0wsgkc.jpg
FK607_Vermelha_1.jpg,http://res.cloudinary.com/dzvn3l0dj/image/upload/v1688842410/pgnkjilyaqthwjuvshyq.jpg
FK607_Vermelha_2.jpg,http://res.cloudinary.com/dzvn3l0dj/image/upload/v1688842440/ez6slj42q0qrxebhvfsk.jpg
FK607_Vermelha_3.jpg,http://res.cloudinary.com/dzvn3l0dj/image/upload/v1688842414/mpwstvafbe36k3mtcuej.jpg
FK607_Vermelha_4.jpg,http://res.cloudinary.com/dzvn3l0dj/image/upload/v1688842404/mliaj1a4wpeugetwygmj.jpg
FK608_Nude_1.jpg,http://res.cloudinary.com/dzvn3l0dj/image/upload/v1688842399/eh5rirxt1qu8k9apkqw0.jpg
FK608_Nude_2.jpg,http://res.cloudinary.com/dzvn3l0dj/image/upload/v1688842388/nsnwvxn20eua7r3hpztr.jpg
FK608_Nude_3.jpg,http://res.cloudinary.com/dzvn3l0dj/image/upload/v1688842385/ct5nwgrbsrepmcc1vgzb.jpg
FK608_Nude_4.jpg,http://res.cloudinary.com/dzvn3l0dj/image/upload/v1688842378/mf2ftruslmrz8xqpnlqn.jpg
FK608_Preta_1.jpg,http://res.cloudinary.com/dzvn3l0dj/image/upload/v1688842415/ajh7wya5a7kymjdpzjhx.jpg
FK608_Preta_2.jpg,http://res.cloudinary.com/dzvn3l0dj/image/upload/v1688842370/yuhp2tzallajpokrmal9.jpg
FK608_Preta_3.jpg,http://res.cloudinary.com/dzvn3l0dj/image/upload/v1688842370/d0dp6izp9wj8toxnqu5r.jpg
FK608_Preta_4.jpg,http://res.cloudinary.com/dzvn3l0dj/image/upload/v1688842371/kg8tag4rwbjuoqiovuc1.jpg
FK608_Verde_1.jpg,http://res.cloudinary.com/dzvn3l0dj/image/upload/v1688842370/ubad11mxdkof3fpsxlbw.jpg
FK608_Verde_2.jpg,http://res.cloudinary.com/dzvn3l0dj/image/upload/v1688842370/w3rtnmrkfmr3swrnl0ib.jpg
FK608_Verde_3.jpg,http://res.cloudinary.com/dzvn3l0dj/image/upload/v1688842371/plbgpct1uwfinvwr4ar1.jpg
FK608_Verde_4.jpg,http://res.cloudinary.com/dzvn3l0dj/image/upload/v1688842371/pnbmuno2kxhd6j22xqks.jpg
FK608_Vermelha_1.jpg,http://res.cloudinary.com/dzvn3l0dj/image/upload/v1688842371/vz0wspggi0ek94hxy3oj.jpg
FK608_Vermelha_2.jpg,http://res.cloudinary.com/dzvn3l0dj/image/upload/v1688842371/msgbim4iwiumijvxaaa3.jpg
FK608_Vermelha_3.jpg,http://res.cloudinary.com/dzvn3l0dj/image/upload/v1688842371/cppnohyfzxyv6o0kzobq.jpg
FK608_Vermelha_4.jpg,http://res.cloudinary.com/dzvn3l0dj/image/upload/v1688842372/n47mmgrbewvaqxqksx0t.jpg
FK609_Nude_1.jpg,http://res.cloudinary.com/dzvn3l0dj/image/upload/v1688842372/nw7yfmerljl6hdobk5n5.jpg
FK609_Nude_2.jpg,http://res.cloudinary.com/dzvn3l0dj/image/upload/v1688842372/noxqbj7losgnnxidx5x5.jpg
FK609_Nude_3.jpg,http://res.cloudinary.com/dzvn3l0dj/image/upload/v1688842372/i5xq88faljrflsztxgo6.jpg
FK609_Nude_4.jpg,http://res.cloudinary.com/dzvn3l0dj/image/upload/v1688842373/viivler9arvudmqh8xjy.jpg
FK609_Preta_1.jpg,http://res.cloudinary.com/dzvn3l0dj/image/upload/v1688842414/pofu8mhdksuknlxpgzle.jpg
FK609_Preta_2.jpg,http://res.cloudinary.com/dzvn3l0dj/image/upload/v1688842387/ppgraybyqmy7zy3p2cpo.jpg
FK609_Preta_3.jpg,http://res.cloudinary.com/dzvn3l0dj/image/upload/v1688842373/s0dhpe1a1o5owyqjjwsg.jpg
FK609_Preta_4.jpg,http://res.cloudinary.com/dzvn3l0dj/image/upload/v1688842372/y18deuxjhm6khckteiml.jpg
FK609_Verde_1.jpg,http://res.cloudinary.com/dzvn3l0dj/image/upload/v1688842373/nmjczo4kjbpfmj8kawgw.jpg
FK609_Verde_2.jpg,http://res.cloudinary.com/dzvn3l0dj/image/upload/v1688842401/ybm0xrphqbklet0lixyz.jpg
FK609_Verde_3.jpg,http://res.cloudinary.com/dzvn3l0dj/image/upload/v1688842391/qdksr2ayg9r0s4n7ew6j.jpg
FK609_Verde_4.jpg,http://res.cloudinary.com/dzvn3l0dj/image/upload/v1688842429/zuxnn0dtjlmup3lfuvhv.jpg
FK609_Vermelha_1.jpg,http://res.cloudinary.com/dzvn3l0dj/image/upload/v1688842450/kpcqr6oznr9zsvdkorny.jpg
FK609_Vermelha_2.jpg,http://res.cloudinary.com/dzvn3l0dj/image/upload/v1688842399/ixx3otkwplrfmupjszr8.jpg
FK609_Vermelha_3.jpg,http://res.cloudinary.com/dzvn3l0dj/image/upload/v1688842378/ki2lemixuxn0i1zve7qo.jpg
FK609_Vermelha_4.jpg,http://res.cloudinary.com/dzvn3l0dj/image/upload/v1688842405/lkijlgnkxyjfeq3d0bly.jpg
FK610_Nude_1.jpg,http://res.cloudinary.com/dzvn3l0dj/image/upload/v1688842376/cghgi9kiauafuws3im6z.jpg
FK610_Nude_2.jpg,http://res.cloudinary.com/dzvn3l0dj/image/upload/v1688842376/w5er9j8typbxfwo2xh0f.jpg
FK610_Nude_3.jpg,http://res.cloudinary.com/dzvn3l0dj/image/upload/v1688842375/frnoui6iskvrhrtp3req.jpg
FK610_Nude_4.jpg,http://res.cloudinary.com/dzvn3l0dj/image/upload/v1688842373/fcrzndrgkzjly9wkyyjj.jpg
FK610_Preta_1.jpg,http://res.cloudinary.com/dzvn3l0dj/image/upload/v1688842373/ssihqlzxxkcbytr0atyc.jpg
FK610_Preta_2.jpg,http://res.cloudinary.com/dzvn3l0dj/image/upload/v1688842373/tcncsdvqjv3pgnzklpp8.jpg
FK610_Preta_3.jpg,http://res.cloudinary.com/dzvn3l0dj/image/upload/v1688842389/wmutgmd4qnzl81praukx.jpg
FK610_Preta_4.jpg,http://res.cloudinary.com/dzvn3l0dj/image/upload/v1688842387/fq667arma2rbtjzeqvri.jpg
FK610_Verde_1.jpg,http://res.cloudinary.com/dzvn3l0dj/image/upload/v1688842374/ekrwqca5jqcgianctchs.jpg
FK610_Verde_2.jpg,http://res.cloudinary.com/dzvn3l0dj/image/upload/v1688842374/vm7vjgjjjv2emyefzmzi.jpg
FK610_Verde_3.jpg,http://res.cloudinary.com/dzvn3l0dj/image/upload/v1688842374/q40wsbisidu8zsqfpwdc.jpg
FK610_Verde_4.jpg,http://res.cloudinary.com/dzvn3l0dj/image/upload/v1688842374/wtjeikcwuk86izk2htur.jpg
FK610_Vermelha_1.jpg,http://res.cloudinary.com/dzvn3l0dj/image/upload/v1688842374/wetupdzotuc3dvqudywu.jpg
FK610_Vermelha_2.jpg,http://res.cloudinary.com/dzvn3l0dj/image/upload/v1688842375/a4izqxa7svwhraprbvqm.jpg
FK610_Vermelha_3.jpg,http://res.cloudinary.com/dzvn3l0dj/image/upload/v1688842376/xvcwudeojhzdpf9ubity.jpg
FK610_Vermelha_4.jpg,http://res.cloudinary.com/dzvn3l0dj/image/upload/v1688842374/iavmmhcvjesoiuygyfl5.jpg
FK611_Azul_1.jpg,http://res.cloudinary.com/dzvn3l0dj/image/upload/v1688842420/godtbife1wjosqb79pbe.jpg
FK611_Azul_2.jpg,http://res.cloudinary.com/dzvn3l0dj/image/upload/v1688842378/rcri03wh138jkhfe8lfw.jpg
FK611_Azul_3.jpg,http://res.cloudinary.com/dzvn3l0dj/image/upload/v1688842400/umdtyp3z1j2bfbi1rhlw.jpg
FK611_Azul_4.jpg,http://res.cloudinary.com/dzvn3l0dj/image/upload/v1688842393/byhd6rdjqgilmee7hzfa.jpg
FK611_Azul_Estampado_1.jpg,http://res.cloudinary.com/dzvn3l0dj/image/upload/v1688842375/pyfihhhsnxhxtlzooszu.jpg
FK611_Azul_Estampado_2.jpg,http://res.cloudinary.com/dzvn3l0dj/image/upload/v1688842375/viq67yulawa151d7vcho.jpg
FK611_Azul_Estampado_3.jpg,http://res.cloudinary.com/dzvn3l0dj/image/upload/v1688842380/jtz66wwcpzznokgltnm0.jpg
FK611_Azul_Estampado_4.jpg,http://res.cloudinary.com/dzvn3l0dj/image/upload/v1688842423/wvuiw9jmswjq3hufyd3n.jpg
FK611_Nude_1.jpg,http://res.cloudinary.com/dzvn3l0dj/image/upload/v1688842400/nxlyz2aj20gtalfbixbd.jpg
FK611_Nude_2.jpg,http://res.cloudinary.com/dzvn3l0dj/image/upload/v1688842391/awydqxgjmahnd8gmsr3f.jpg
FK611_Nude_3.jpg,http://res.cloudinary.com/dzvn3l0dj/image/upload/v1688842401/t6osvks4xup3m6ht2gtb.jpg
FK611_Nude_4.jpg,http://res.cloudinary.com/dzvn3l0dj/image/upload/v1688842377/rjqbm63ljcuyqzjjgljc.jpg
FK611_Pink_1.jpg,http://res.cloudinary.com/dzvn3l0dj/image/upload/v1688842418/azive0i6pzy6qozzqhzv.jpg
FK611_Pink_2.jpg,http://res.cloudinary.com/dzvn3l0dj/image/upload/v1688842437/f2mf8dd4e2vv8az1hzf4.jpg
FK611_Pink_3.jpg,http://res.cloudinary.com/dzvn3l0dj/image/upload/v1688842427/xztuojqka1iqjstklfqh.jpg
FK611_Pink_4.jpg,http://res.cloudinary.com/dzvn3l0dj/image/upload/v1688842413/fmsblps4eazhuey4fqv4.jpg
FK612_Azul_1.jpg,http://res.cloudinary.com/dzvn3l0dj/image/upload/v1688842381/yualdsv955c2hszezg6s.jpg
FK612_Azul_2.jpg,http://res.cloudinary.com/dzvn3l0dj/image/upload/v1688842424/j94xjisg5kxictqwdonp.jpg
FK612_Azul_3.jpg,http://res.cloudinary.com/dzvn3l0dj/image/upload/v1688842429/qolqrnf8k4k8mr0or0px.jpg
FK612_Azul_4.jpg,http://res.cloudinary.com/dzvn3l0dj/image/upload/v1688842377/pez8u1qoqv1ldewlk8hl.jpg
FK612_Nude_1.jpg,http://res.cloudinary.com/dzvn3l0dj/image/upload/v1688842419/bti8qaco2ccnkh2gn2ie.jpg
FK612_Nude_2.jpg,http://res.cloudinary.com/dzvn3l0dj/image/upload/v1688842386/eup39tkk9h0xf1vbys6p.jpg
FK612_Nude_3.jpg,http://res.cloudinary.com/dzvn3l0dj/image/upload/v1688842393/ptnsbre5nrbg6bgiwqeh.jpg
FK612_Nude_4.jpg,http://res.cloudinary.com/dzvn3l0dj/image/upload/v1688842422/wxbwpedakcys58kipkw7.jpg
FK612_Nude_Estampado_1.jpg,http://res.cloudinary.com/dzvn3l0dj/image/upload/v1688842378/q5acm26uohsnqjmryqzi.jpg
FK612_Nude_Estampado_2.jpg,http://res.cloudinary.com/dzvn3l0dj/image/upload/v1688842415/dpznv02q2akfhw1kw91y.jpg
FK612_Nude_Estampado_3.jpg,http://res.cloudinary.com/dzvn3l0dj/image/upload/v1688842378/xf5sh0pnh2uftmypzvh7.jpg
FK612_Nude_Estampado_4.jpg,http://res.cloudinary.com/dzvn3l0dj/image/upload/v1688842446/izpkkogstjwjxfvlvefv.jpg
FK612_Pink_1.jpg,http://res.cloudinary.com/dzvn3l0dj/image/upload/v1688842400/i2llaeengq5qa9zxrs9f.jpg
FK612_Pink_2.jpg,http://res.cloudinary.com/dzvn3l0dj/image/upload/v1688842416/ku5s2ao60uqyd6bswxet.jpg
FK612_Pink_3.jpg,http://res.cloudinary.com/dzvn3l0dj/image/upload/v1688842406/wrtjvhty3x1qv8799fyl.jpg
FK612_Pink_4.jpg,http://res.cloudinary.com/dzvn3l0dj/image/upload/v1688842438/cpk6hnb9ss3hrcq34yng.jpg
FK613_Azul_1.jpg,http://res.cloudinary.com/dzvn3l0dj/image/upload/v1688842409/f9okvbobeoylune0tkjg.jpg
FK613_Azul_2.jpg,http://res.cloudinary.com/dzvn3l0dj/image/upload/v1688842385/cretvq1qylcjpnh49nkv.jpg
FK613_Azul_3.jpg,http://res.cloudinary.com/dzvn3l0dj/image/upload/v1688842378/j0w8scyda6g48yrhjqm0.jpg
FK613_Azul_4.jpg,http://res.cloudinary.com/dzvn3l0dj/image/upload/v1688842381/sk7lch3hwc1imilz15q5.jpg
FK613_Azul_Estampado_1.jpg,http://res.cloudinary.com/dzvn3l0dj/image/upload/v1688842379/c6nzw4gqzrycif0w60ou.jpg
FK613_Azul_Estampado_2.jpg,http://res.cloudinary.com/dzvn3l0dj/image/upload/v1688842380/gmjpxhk4wgzm81as7exp.jpg
FK613_Azul_Estampado_3.jpg,http://res.cloudinary.com/dzvn3l0dj/image/upload/v1688842380/sifksxtgptl11wo96xcv.jpg
FK613_Azul_Estampado_4.jpg,http://res.cloudinary.com/dzvn3l0dj/image/upload/v1688842385/qrhyw2iwkbd3aavn7lcf.jpg
FK613_Nude_1.jpg,http://res.cloudinary.com/dzvn3l0dj/image/upload/v1688842380/d6ah445ben95o2slnqqq.jpg
FK613_Nude_2.jpg,http://res.cloudinary.com/dzvn3l0dj/image/upload/v1688842380/gkywdmrf6syjwwlxyryb.jpg
FK613_Nude_3.jpg,http://res.cloudinary.com/dzvn3l0dj/image/upload/v1688842419/ix8ykyhlx6gilb3pk5pn.jpg
FK613_Nude_4.jpg,http://res.cloudinary.com/dzvn3l0dj/image/upload/v1688842424/kq9aibd57ml0wkvzcook.jpg
FK613_Pink_1.jpg,http://res.cloudinary.com/dzvn3l0dj/image/upload/v1688842402/gejwpi6znbnbptfqui4v.jpg
FK613_Pink_2.jpg,http://res.cloudinary.com/dzvn3l0dj/image/upload/v1688842411/wb6jbma0pxwwlnj6q4md.jpg
FK613_Pink_3.jpg,http://res.cloudinary.com/dzvn3l0dj/image/upload/v1688842407/v46b5qbv6ixhml9oeekw.jpg
FK613_Pink_4.jpg,http://res.cloudinary.com/dzvn3l0dj/image/upload/v1688842421/pvqen7g33nugqzfywh7u.jpg
FK614_Azul_1.jpg,http://res.cloudinary.com/dzvn3l0dj/image/upload/v1688842416/qcubeipkh3zbcsf7a0zd.jpg
FK614_Azul_2.jpg,http://res.cloudinary.com/dzvn3l0dj/image/upload/v1688842418/ry0tsqkirzuclfbpqvbs.jpg
FK614_Azul_3.jpg,http://res.cloudinary.com/dzvn3l0dj/image/upload/v1688842409/qwpirkizx68qfyy5i8sp.jpg
FK614_Azul_4.jpg,http://res.cloudinary.com/dzvn3l0dj/image/upload/v1688842418/elehdthrlidxse1jw8sr.jpg
FK614_Nude_1.jpg,http://res.cloudinary.com/dzvn3l0dj/image/upload/v1688842425/vtwvh3b6dlou5v1f9tr2.jpg
FK614_Nude_2.jpg,http://res.cloudinary.com/dzvn3l0dj/image/upload/v1688842416/kikfawi5xd5hzk02vucs.jpg
FK614_Nude_3.jpg,http://res.cloudinary.com/dzvn3l0dj/image/upload/v1688842441/ft8a4lyzivt8pyzttomz.jpg
FK614_Nude_4.jpg,http://res.cloudinary.com/dzvn3l0dj/image/upload/v1688842442/stkrcwzpke6p1q0trjgt.jpg
FK614_Pink_1.jpg,http://res.cloudinary.com/dzvn3l0dj/image/upload/v1688842421/jekrgcksk6nnvpao6nf0.jpg
FK614_Pink_2.jpg,http://res.cloudinary.com/dzvn3l0dj/image/upload/v1688842381/zadkh2qiayeolmkdasb4.jpg
FK614_Pink_3.jpg,http://res.cloudinary.com/dzvn3l0dj/image/upload/v1688842381/wlns5sd0m4dd2kpjtard.jpg
FK614_Pink_4.jpg,http://res.cloudinary.com/dzvn3l0dj/image/upload/v1688842381/h1po8r4gftgxlruqotpb.jpg
FK614_Pink_Estampado_1.jpg,http://res.cloudinary.com/dzvn3l0dj/image/upload/v1688842381/tb8xuzxkxon2w32otqlu.jpg
FK614_Pink_Estampado_2.jpg,http://res.cloudinary.com/dzvn3l0dj/image/upload/v1688842381/efwmbkj4quaqcddpmhsh.jpg
FK614_Pink_Estampado_3.jpg,http://res.cloudinary.com/dzvn3l0dj/image/upload/v1688842413/ilbg8ziui5bp17yotoi0.jpg
FK614_Pink_Estampado_4.jpg,http://res.cloudinary.com/dzvn3l0dj/image/upload/v1688842407/a9zvby5jprhh8jikqali.jpg
FK615_Azul_1.jpg,http://res.cloudinary.com/dzvn3l0dj/image/upload/v1688842382/up2riiz39tezfimc67yu.jpg
FK615_Azul_2.jpg,http://res.cloudinary.com/dzvn3l0dj/image/upload/v1688842398/znzzd6qmntjeoo8nrlnl.jpg
FK615_Azul_3.jpg,http://res.cloudinary.com/dzvn3l0dj/image/upload/v1688842383/vmnnffl85v75bieniuxn.jpg
FK615_Azul_4.jpg,http://res.cloudinary.com/dzvn3l0dj/image/upload/v1688842459/kjpfxcnt03eqe9sjymgc.jpg
FK615_Nude_1.jpg,http://res.cloudinary.com/dzvn3l0dj/image/upload/v1688842390/sg8ijfkptyytc9wvj16l.jpg
FK615_Nude_2.jpg,http://res.cloudinary.com/dzvn3l0dj/image/upload/v1688842399/oeghptvqqzozzp4xectt.jpg
FK615_Nude_3.jpg,http://res.cloudinary.com/dzvn3l0dj/image/upload/v1688842423/rsp8rcogi3bpa0wdgh2a.jpg
FK615_Nude_4.jpg,http://res.cloudinary.com/dzvn3l0dj/image/upload/v1688842437/bnpjy5t0p8se2jght4xg.jpg
FK615_Preta_1.jpg,http://res.cloudinary.com/dzvn3l0dj/image/upload/v1688842409/ib1ch4q5trcdiseubkcx.jpg
FK615_Preta_2.jpg,http://res.cloudinary.com/dzvn3l0dj/image/upload/v1688842416/azq0gy5hu3sgquadmxjb.jpg
FK615_Preta_3.jpg,http://res.cloudinary.com/dzvn3l0dj/image/upload/v1688842418/nq2hvjz3gyjbkrxx6awi.jpg
FK615_Preta_4.jpg,http://res.cloudinary.com/dzvn3l0dj/image/upload/v1688842413/peao9hxqk5ffcicabbtx.jpg
FK616_Azul_1.jpg,http://res.cloudinary.com/dzvn3l0dj/image/upload/v1688842395/fz8gz5rfnticab1r5nyd.jpg
FK616_Azul_2.jpg,http://res.cloudinary.com/dzvn3l0dj/image/upload/v1688842383/shi2e3s9yrioct2bf7tn.jpg
FK616_Azul_3.jpg,http://res.cloudinary.com/dzvn3l0dj/image/upload/v1688842383/kaackbgthgtjkv5zs0jv.jpg
FK616_Azul_4.jpg,http://res.cloudinary.com/dzvn3l0dj/image/upload/v1688842384/xea8d2ubbbaja4lp33mb.jpg
FK616_Nude_1.jpg,http://res.cloudinary.com/dzvn3l0dj/image/upload/v1688842382/dyaxuuf8uedc7igoksl9.jpg
FK616_Nude_2.jpg,http://res.cloudinary.com/dzvn3l0dj/image/upload/v1688842383/jhsiavbzt6snc5kmzvw6.jpg
FK616_Nude_3.jpg,http://res.cloudinary.com/dzvn3l0dj/image/upload/v1688842438/u071gmstqlqzjivw9kqg.jpg
FK616_Nude_4.jpg,http://res.cloudinary.com/dzvn3l0dj/image/upload/v1688842415/j2bbawgk760fcevcf0rb.jpg
FK616_Preta_1.jpg,http://res.cloudinary.com/dzvn3l0dj/image/upload/v1688842384/zdgohotf7scfw1xbzzfy.jpg
FK616_Preta_2.jpg,http://res.cloudinary.com/dzvn3l0dj/image/upload/v1688842424/umbhqeknb0r6gfoae5wg.jpg
FK616_Preta_3.jpg,http://res.cloudinary.com/dzvn3l0dj/image/upload/v1688842414/jsyjmez82ok8rp5hkm39.jpg
FK616_Preta_4.jpg,http://res.cloudinary.com/dzvn3l0dj/image/upload/v1688842416/zo6crx0ghsv0elcagrhy.jpg
FK617_Azul_1.jpg,http://res.cloudinary.com/dzvn3l0dj/image/upload/v1688842402/wylfc9sewwkco58aqsiw.jpg
FK617_Azul_2.jpg,http://res.cloudinary.com/dzvn3l0dj/image/upload/v1688842393/bnaafll8yi7qyzlnsoce.jpg
FK617_Azul_3.jpg,http://res.cloudinary.com/dzvn3l0dj/image/upload/v1688842455/pggk4ps3uiewgvgc2zgb.jpg
FK617_Azul_4.jpg,http://res.cloudinary.com/dzvn3l0dj/image/upload/v1688842419/goowmp9ds6mvqs2lxc5v.jpg
FK617_Nude_1.jpg,http://res.cloudinary.com/dzvn3l0dj/image/upload/v1688842384/n11dokbuf9lk4am2ptvs.jpg
FK617_Nude_2.jpg,http://res.cloudinary.com/dzvn3l0dj/image/upload/v1688842393/gzts3wcm7hdobo6jpfwi.jpg
FK617_Nude_3.jpg,http://res.cloudinary.com/dzvn3l0dj/image/upload/v1688842418/rq3vq8zo1rdnpw5iblfa.jpg
FK617_Nude_4.jpg,http://res.cloudinary.com/dzvn3l0dj/image/upload/v1688842420/c39lxzygjj76egoqfgaq.jpg
FK617_Preta_1.jpg,http://res.cloudinary.com/dzvn3l0dj/image/upload/v1688842411/inx151idsnjascbgvvkt.jpg
FK617_Preta_2.jpg,http://res.cloudinary.com/dzvn3l0dj/image/upload/v1688842384/pejbm9nsmi07wjdumn84.jpg
FK617_Preta_3.jpg,http://res.cloudinary.com/dzvn3l0dj/image/upload/v1688842388/jvqh73vr2yiqsxsjuuzn.jpg
FK617_Preta_4.jpg,http://res.cloudinary.com/dzvn3l0dj/image/upload/v1688842386/vuqcyoizb50afnpkdd8m.jpg
FK618_Azul_1.jpg,http://res.cloudinary.com/dzvn3l0dj/image/upload/v1688842419/kuakg3sk7f9scf1zgnyy.jpg
FK618_Azul_2.jpg,http://res.cloudinary.com/dzvn3l0dj/image/upload/v1688842417/wdwf3bnrr3mpxhmsejt0.jpg
FK618_Azul_3.jpg,http://res.cloudinary.com/dzvn3l0dj/image/upload/v1688842421/ophfj20hxbtpfxwhsjwf.jpg
FK618_Azul_4.jpg,http://res.cloudinary.com/dzvn3l0dj/image/upload/v1688842436/hnypp6prnosekgra43ak.jpg
FK618_Dourada_1.jpg,http://res.cloudinary.com/dzvn3l0dj/image/upload/v1688842457/dkokkvyadcd9yngwxgbg.jpg
FK618_Dourada_2.jpg,http://res.cloudinary.com/dzvn3l0dj/image/upload/v1688842432/riyctkueh1kmbwjl7hlu.jpg
FK618_Dourada_3.jpg,http://res.cloudinary.com/dzvn3l0dj/image/upload/v1688842420/owbzjqvo9ofiwwgkowbh.jpg
FK618_Dourada_4.jpg,http://res.cloudinary.com/dzvn3l0dj/image/upload/v1688842386/o7uzddgduxl5q1zdfm9g.jpg
FK618_Nude_1.jpg,http://res.cloudinary.com/dzvn3l0dj/image/upload/v1688842447/pdmp8arv7bkt9xn3wyip.jpg
FK618_Nude_2.jpg,http://res.cloudinary.com/dzvn3l0dj/image/upload/v1688842385/ozrpo5jljd2n6tbojjw1.jpg
FK618_Nude_3.jpg,http://res.cloudinary.com/dzvn3l0dj/image/upload/v1688842407/b5du7ejat8hgdpdfqcly.jpg
FK618_Nude_4.jpg,http://res.cloudinary.com/dzvn3l0dj/image/upload/v1688842442/chjdruxi30uzx9grjlgm.jpg
FK619_Azul_1.jpg,http://res.cloudinary.com/dzvn3l0dj/image/upload/v1688842431/n0u4jxxo2g5fxxadlv7l.jpg
FK619_Azul_2.jpg,http://res.cloudinary.com/dzvn3l0dj/image/upload/v1688842415/frnkhf4yy4jyt7p3fqvp.jpg
FK619_Azul_3.jpg,http://res.cloudinary.com/dzvn3l0dj/image/upload/v1688842405/sn4gafvglhfat36ru3ce.jpg
FK619_Azul_4.jpg,http://res.cloudinary.com/dzvn3l0dj/image/upload/v1688842438/ghhvg7ho8dxo6y4semqb.jpg
FK619_Dourada_1.jpg,http://res.cloudinary.com/dzvn3l0dj/image/upload/v1688842387/zomdnqerv0cnye1iwn91.jpg
FK619_Dourada_2.jpg,http://res.cloudinary.com/dzvn3l0dj/image/upload/v1688842449/yhppznj3xmvxuxekz24a.jpg
FK619_Dourada_3.jpg,http://res.cloudinary.com/dzvn3l0dj/image/upload/v1688842417/irt4uahkwpgr8xgprk55.jpg
FK619_Dourada_4.jpg,http://res.cloudinary.com/dzvn3l0dj/image/upload/v1688842434/lfvvu0xflgd7epzq8nzo.jpg
FK619_Nude_1.jpg,http://res.cloudinary.com/dzvn3l0dj/image/upload/v1688842438/k4bucivblnnnw7lkuhx1.jpg
FK619_Nude_2.jpg,http://res.cloudinary.com/dzvn3l0dj/image/upload/v1688842412/nbyqq5ozqx8vfmyoawpz.jpg
FK619_Nude_3.jpg,http://res.cloudinary.com/dzvn3l0dj/image/upload/v1688842417/ybemajpxs4whsrmjnvof.jpg
FK619_Nude_4.jpg,http://res.cloudinary.com/dzvn3l0dj/image/upload/v1688842442/l7rqrklrp9zdyx2o8cm2.jpg
FK620_Azul_1.jpg,http://res.cloudinary.com/dzvn3l0dj/image/upload/v1688842448/uzf2cbpq4pexdwu8bmlb.jpg
FK620_Azul_2.jpg,http://res.cloudinary.com/dzvn3l0dj/image/upload/v1688842432/epetbmw1t6kxtb9alsbg.jpg
FK620_Azul_3.jpg,http://res.cloudinary.com/dzvn3l0dj/image/upload/v1688842458/lpw2t76fyrl68csroofo.jpg
FK620_Azul_4.jpg,http://res.cloudinary.com/dzvn3l0dj/image/upload/v1688842422/lrwyh99opapjh3so6jcf.jpg
FK620_Dourada_1.jpg,http://res.cloudinary.com/dzvn3l0dj/image/upload/v1688842422/vzbkyufvfgtii2ql0c8o.jpg
FK620_Dourada_2.jpg,http://res.cloudinary.com/dzvn3l0dj/image/upload/v1688842431/amjn093lt6zmahtwj3o2.jpg
FK620_Dourada_3.jpg,http://res.cloudinary.com/dzvn3l0dj/image/upload/v1688842458/y1z7ayx34usumsuofjqj.jpg
FK620_Dourada_4.jpg,http://res.cloudinary.com/dzvn3l0dj/image/upload/v1688842431/y3bc0s0blisn5w26tcf1.jpg
FK620_Nude_1.jpg,http://res.cloudinary.com/dzvn3l0dj/image/upload/v1688842389/ll0bf4mm1wesauuuaqcx.jpg
FK620_Nude_2.jpg,http://res.cloudinary.com/dzvn3l0dj/image/upload/v1688842388/poo9ljqatyiquxcxi6yc.jpg
FK620_Nude_3.jpg,http://res.cloudinary.com/dzvn3l0dj/image/upload/v1688842388/voq2gzselydjz67viaub.jpg
FK620_Nude_4.jpg,http://res.cloudinary.com/dzvn3l0dj/image/upload/v1688842388/auocgnatklbrln5gqfif.jpg
FK621_Azul_1.jpg,http://res.cloudinary.com/dzvn3l0dj/image/upload/v1688842388/pxpqq5i8qwqbbhislw9l.jpg
FK621_Azul_2.jpg,http://res.cloudinary.com/dzvn3l0dj/image/upload/v1688842419/psu990ha6wugvblzln94.jpg
FK621_Azul_3.jpg,http://res.cloudinary.com/dzvn3l0dj/image/upload/v1688842449/bnyhe1udc6pwxoz9opia.jpg
FK621_Azul_4.jpg,http://res.cloudinary.com/dzvn3l0dj/image/upload/v1688842433/pwne51ynqcl4ojpjzawt.jpg
FK621_Offwhite_1.jpg,http://res.cloudinary.com/dzvn3l0dj/image/upload/v1688842407/a7fvqenbvfoo3z3pp7bz.jpg
FK621_Offwhite_2.jpg,http://res.cloudinary.com/dzvn3l0dj/image/upload/v1688842390/hcu7ippyvju5zkq1mmpd.jpg
FK621_Offwhite_3.jpg,http://res.cloudinary.com/dzvn3l0dj/image/upload/v1688842445/jerjyeyew6phys6yzvbp.jpg
FK621_Offwhite_4.jpg,http://res.cloudinary.com/dzvn3l0dj/image/upload/v1688842398/nxzgqeebjijsey7rnjjr.jpg
FK621_Preta_1.jpg,http://res.cloudinary.com/dzvn3l0dj/image/upload/v1688842389/c2xtkeickodcebe91imx.jpg
FK621_Preta_2.jpg,http://res.cloudinary.com/dzvn3l0dj/image/upload/v1688842427/mphu3cwlq6li77deulkg.jpg
FK621_Preta_3.jpg,http://res.cloudinary.com/dzvn3l0dj/image/upload/v1688842424/ng4z4qchdpdrg6rxdf23.jpg
FK621_Preta_4.jpg,http://res.cloudinary.com/dzvn3l0dj/image/upload/v1688842446/itioy5r7t6nmmlwj2yp2.jpg
FK621_Verde_1.jpg,http://res.cloudinary.com/dzvn3l0dj/image/upload/v1688842444/rp5qc7g8ljta36fbi3lb.jpg
FK621_Verde_2.jpg,http://res.cloudinary.com/dzvn3l0dj/image/upload/v1688842445/ztxcarleufyhosqyvno8.jpg
FK621_Verde_3.jpg,http://res.cloudinary.com/dzvn3l0dj/image/upload/v1688842390/pftg5fd6zjzp4oj85xdn.jpg
FK621_Verde_4.jpg,http://res.cloudinary.com/dzvn3l0dj/image/upload/v1688842439/c7xoqlzk8idbzngwrwfw.jpg
FK622_Azul_1.jpg,http://res.cloudinary.com/dzvn3l0dj/image/upload/v1688842451/i9xdjbkqe43dcktxsalr.jpg
FK622_Azul_2.jpg,http://res.cloudinary.com/dzvn3l0dj/image/upload/v1688842442/zehmbm87auvecurqnhfr.jpg
FK622_Azul_3.jpg,http://res.cloudinary.com/dzvn3l0dj/image/upload/v1688842450/zoknmcbes2xqc0szqb5k.jpg
FK622_Azul_4.jpg,http://res.cloudinary.com/dzvn3l0dj/image/upload/v1688842438/chg1oeca1cyk0fhkgfvk.jpg
FK622_Offwhite_1.jpg,http://res.cloudinary.com/dzvn3l0dj/image/upload/v1688842448/wofn0aqnzf111pe6f6sf.jpg
FK622_Offwhite_2.jpg,http://res.cloudinary.com/dzvn3l0dj/image/upload/v1688842392/gm6w7zgn3expufch5wz0.jpg
FK622_Offwhite_3.jpg,http://res.cloudinary.com/dzvn3l0dj/image/upload/v1688842409/potjzrdk99m1cs8bpbdl.jpg
FK622_Offwhite_4.jpg,http://res.cloudinary.com/dzvn3l0dj/image/upload/v1688842394/uvjfh1ca5lwzbkoucusy.jpg
FK622_Preta_1.jpg,http://res.cloudinary.com/dzvn3l0dj/image/upload/v1688842392/sz3w4o7asoqtzveyjhfy.jpg
FK622_Preta_2.jpg,http://res.cloudinary.com/dzvn3l0dj/image/upload/v1688842417/qndquiz7bgpma7akjtdd.jpg
FK622_Preta_3.jpg,http://res.cloudinary.com/dzvn3l0dj/image/upload/v1688842437/luyno7ikbmggmhoqxyfd.jpg
FK622_Preta_4.jpg,http://res.cloudinary.com/dzvn3l0dj/image/upload/v1688842420/prdczqwt24m3jarknbph.jpg
FK622_Verde_1.jpg,http://res.cloudinary.com/dzvn3l0dj/image/upload/v1688842436/uex0ksdgn3idbko68miv.jpg
FK622_Verde_2.jpg,http://res.cloudinary.com/dzvn3l0dj/image/upload/v1688842431/tuewuuwtv8xnhg8kifm9.jpg
FK622_Verde_3.jpg,http://res.cloudinary.com/dzvn3l0dj/image/upload/v1688842426/acuyemfkpufdmvh2se9m.jpg
FK622_Verde_4.jpg,http://res.cloudinary.com/dzvn3l0dj/image/upload/v1688842409/hb55yjw0neyvpdwlukq9.jpg
FK623_Azul_1.jpg,http://res.cloudinary.com/dzvn3l0dj/image/upload/v1688842399/bbca01zd0ga3kjqbrk9w.jpg
FK623_Azul_2.jpg,http://res.cloudinary.com/dzvn3l0dj/image/upload/v1688842396/g4rco7w0xqb6klbaskk4.jpg
FK623_Azul_3.jpg,http://res.cloudinary.com/dzvn3l0dj/image/upload/v1688842410/wfvamflgs5pgejpj8ipa.jpg
FK623_Azul_4.jpg,http://res.cloudinary.com/dzvn3l0dj/image/upload/v1688842416/dvgec1qgnocufkehbgew.jpg
FK623_Marrom_1.jpg,http://res.cloudinary.com/dzvn3l0dj/image/upload/v1688842425/jx9iogxgf73c9yeobrud.jpg
FK623_Marrom_2.jpg,http://res.cloudinary.com/dzvn3l0dj/image/upload/v1688842446/dnysj7vyweem4z4g25xi.jpg
FK623_Marrom_3.jpg,http://res.cloudinary.com/dzvn3l0dj/image/upload/v1688842432/r5oyfiz1nho0xvfzet9k.jpg
FK623_Marrom_4.jpg,http://res.cloudinary.com/dzvn3l0dj/image/upload/v1688842461/gf54enegqyy4lxmwgl9n.jpg
FK623_Nude_1.jpg,http://res.cloudinary.com/dzvn3l0dj/image/upload/v1688842412/omhfof87ze9zhdbqkl6i.jpg
FK623_Nude_2.jpg,http://res.cloudinary.com/dzvn3l0dj/image/upload/v1688842443/qs34otjb3b4eg3670fwm.jpg
FK623_Nude_3.jpg,http://res.cloudinary.com/dzvn3l0dj/image/upload/v1688842436/yqmi34iq38swiefai9mm.jpg
FK623_Nude_4.jpg,http://res.cloudinary.com/dzvn3l0dj/image/upload/v1688842456/iiyz9nmcxdxb0p25k1fd.jpg
FK623_Vinho_1.jpg,http://res.cloudinary.com/dzvn3l0dj/image/upload/v1688842458/byisr6rouuzyiebhuixp.jpg
FK623_Vinho_2.jpg,http://res.cloudinary.com/dzvn3l0dj/image/upload/v1688842457/cglsxmkwa4lelhen9wfy.jpg
FK623_Vinho_3.jpg,http://res.cloudinary.com/dzvn3l0dj/image/upload/v1688842449/wztitr0kgvz2k4hxwd3s.jpg
FK623_Vinho_4.jpg,http://res.cloudinary.com/dzvn3l0dj/image/upload/v1688842449/ehnc79de7mj7b2huy6ca.jpg
FK624_Azul_1.jpg,http://res.cloudinary.com/dzvn3l0dj/image/upload/v1688842457/yx2zcb06tzh9wr0juujg.jpg
FK624_Azul_2.jpg,http://res.cloudinary.com/dzvn3l0dj/image/upload/v1688842435/x82wr45hrnwzabbx7sqn.jpg
FK624_Azul_3.jpg,http://res.cloudinary.com/dzvn3l0dj/image/upload/v1688842457/pan7gwn6re26ocfflq0x.jpg
FK624_Azul_4.jpg,http://res.cloudinary.com/dzvn3l0dj/image/upload/v1688842464/cg6lezcivnxszlncqiyi.jpg
FK624_Marrom_1.jpg,http://res.cloudinary.com/dzvn3l0dj/image/upload/v1688842442/j1kumqbfgqqrifub0c6b.jpg
FK624_Marrom_2.jpg,http://res.cloudinary.com/dzvn3l0dj/image/upload/v1688842444/xhkasit4gf5kgp1minqw.jpg
FK624_Marrom_3.jpg,http://res.cloudinary.com/dzvn3l0dj/image/upload/v1688842445/s5pdl6o0zz8kzrpb3edw.jpg
FK624_Marrom_4.jpg,http://res.cloudinary.com/dzvn3l0dj/image/upload/v1688842446/yjo8ehbiduetairwgzcf.jpg
FK624_Nude_1.jpg,http://res.cloudinary.com/dzvn3l0dj/image/upload/v1688842396/v5nn0bclxurtrgazsdcq.jpg
FK624_Nude_2.jpg,http://res.cloudinary.com/dzvn3l0dj/image/upload/v1688842395/tplegtypwikljn3ci5jh.jpg
FK624_Nude_3.jpg,http://res.cloudinary.com/dzvn3l0dj/image/upload/v1688842395/ehifo6iiq1bomaehrtmc.jpg
FK624_Nude_4.jpg,http://res.cloudinary.com/dzvn3l0dj/image/upload/v1688842419/xkhcimnv2g27c1s5ls5n.jpg
FK624_Vinho_1.jpg,http://res.cloudinary.com/dzvn3l0dj/image/upload/v1688842402/boxnftwavonzprrfxqhr.jpg
FK624_Vinho_2.jpg,http://res.cloudinary.com/dzvn3l0dj/image/upload/v1688842457/nlfozzhsloaklzrkiylf.jpg
FK624_Vinho_3.jpg,http://res.cloudinary.com/dzvn3l0dj/image/upload/v1688842456/eyoetyqoidcah0o06yva.jpg
FK624_Vinho_4.jpg,http://res.cloudinary.com/dzvn3l0dj/image/upload/v1688842434/mizjw8nbvlz3zp6qyize.jpg
FK625_Azul_1.jpg,http://res.cloudinary.com/dzvn3l0dj/image/upload/v1688842434/jxwrogpkeqxwhstfuuzq.jpg
FK625_Azul_2.jpg,http://res.cloudinary.com/dzvn3l0dj/image/upload/v1688842434/oguk9fhjaa0lij11orxx.jpg
FK625_Azul_3.jpg,http://res.cloudinary.com/dzvn3l0dj/image/upload/v1688842452/wbrnz9um7ed903albfou.jpg
FK625_Azul_4.jpg,http://res.cloudinary.com/dzvn3l0dj/image/upload/v1688842449/i9irpdyonbipeaw8psxh.jpg
FK625_Marrom_1.jpg,http://res.cloudinary.com/dzvn3l0dj/image/upload/v1688842466/vhdrspgo19yqyeghwo1u.jpg
FK625_Marrom_2.jpg,http://res.cloudinary.com/dzvn3l0dj/image/upload/v1688842450/dsuzpnk1ptfxmislpwh3.jpg
FK625_Marrom_3.jpg,http://res.cloudinary.com/dzvn3l0dj/image/upload/v1688842451/a4njici8ddixvufmwnhy.jpg
FK625_Marrom_4.jpg,http://res.cloudinary.com/dzvn3l0dj/image/upload/v1688842402/e1tm1chdntk60uyddpbs.jpg
FK625_Nude_1.jpg,http://res.cloudinary.com/dzvn3l0dj/image/upload/v1688842458/r4vcck4busxiu8a9byyj.jpg
FK625_Nude_2.jpg,http://res.cloudinary.com/dzvn3l0dj/image/upload/v1688842459/q44306fckrmzxfdp6yqq.jpg
FK625_Nude_3.jpg,http://res.cloudinary.com/dzvn3l0dj/image/upload/v1688842460/nqiamrvasntvuwzuiz5j.jpg
FK625_Nude_4.jpg,http://res.cloudinary.com/dzvn3l0dj/image/upload/v1688842455/esommzfo2a27bajpmmjr.jpg
FK625_Vinho_1.jpg,http://res.cloudinary.com/dzvn3l0dj/image/upload/v1688842442/od707jyheyflxld1fv6v.jpg
FK625_Vinho_2.jpg,http://res.cloudinary.com/dzvn3l0dj/image/upload/v1688842456/wstzhgvtexoxpl3ycy6f.jpg
FK625_Vinho_3.jpg,http://res.cloudinary.com/dzvn3l0dj/image/upload/v1688842426/ctsurgfjc6aw1632uoie.jpg
FK625_Vinho_4.jpg,http://res.cloudinary.com/dzvn3l0dj/image/upload/v1688842413/kmvxi4aflzvyciqfpmhd.jpg
FK626_Azul_1.jpg,http://res.cloudinary.com/dzvn3l0dj/image/upload/v1688842450/qshukl6ac7dnorvdzejx.jpg
FK626_Azul_2.jpg,http://res.cloudinary.com/dzvn3l0dj/image/upload/v1688842438/lzjcamrrfbhp61qcbsxw.jpg
FK626_Azul_3.jpg,http://res.cloudinary.com/dzvn3l0dj/image/upload/v1688842399/xpsqqau53lrrwisybv0u.jpg
FK626_Azul_4.jpg,http://res.cloudinary.com/dzvn3l0dj/image/upload/v1688842427/f6hlqlt5h94z4yhhcvaf.jpg
FK626_Marrom_1.jpg,http://res.cloudinary.com/dzvn3l0dj/image/upload/v1688842397/kxwzls4g8elqyrob6pjg.jpg
FK626_Marrom_2.jpg,http://res.cloudinary.com/dzvn3l0dj/image/upload/v1688842447/ugtg7bgknnb6d6x9muex.jpg
FK626_Marrom_3.jpg,http://res.cloudinary.com/dzvn3l0dj/image/upload/v1688842458/hhrgb6zppqjztgk9qmd6.jpg
FK626_Marrom_4.jpg,http://res.cloudinary.com/dzvn3l0dj/image/upload/v1688842452/ox0yqfeitj1uv5gyjk30.jpg
FK626_Nude_1.jpg,http://res.cloudinary.com/dzvn3l0dj/image/upload/v1688842448/xsmhajzfjzks1rthpsor.jpg
FK626_Nude_2.jpg,http://res.cloudinary.com/dzvn3l0dj/image/upload/v1688842445/rstgvgm77zafabuqnc37.jpg
FK626_Nude_3.jpg,http://res.cloudinary.com/dzvn3l0dj/image/upload/v1688842457/epl2bsddhp2dw5d58una.jpg
FK626_Nude_4.jpg,http://res.cloudinary.com/dzvn3l0dj/image/upload/v1688842453/d8rsbqyi6nfmppcyb82a.jpg
FK626_Vinho_1.jpg,http://res.cloudinary.com/dzvn3l0dj/image/upload/v1688842443/r2kwjiqnp3lrmiuiz6am.jpg
FK626_Vinho_2.jpg,http://res.cloudinary.com/dzvn3l0dj/image/upload/v1688842402/qynipnw7bn9p1y4naqfq.jpg
FK626_Vinho_3.jpg,http://res.cloudinary.com/dzvn3l0dj/image/upload/v1688842404/qvusto65qdywk57o2lpl.jpg
FK626_Vinho_4.jpg,http://res.cloudinary.com/dzvn3l0dj/image/upload/v1688842451/mciiwgdf7jegohdimokd.jpg
FK627_Azul_1.jpg,http://res.cloudinary.com/dzvn3l0dj/image/upload/v1688842444/v4ldjjcg3vbiqboasvtc.jpg
FK627_Azul_2.jpg,http://res.cloudinary.com/dzvn3l0dj/image/upload/v1688842454/lqyon5pi0l2i10nmrnps.jpg
FK627_Azul_3.jpg,http://res.cloudinary.com/dzvn3l0dj/image/upload/v1688842459/soo2grp8ds9hpsspt4sg.jpg
FK627_Azul_4.jpg,http://res.cloudinary.com/dzvn3l0dj/image/upload/v1688842439/bmftkvtabkmf1lvfqlro.jpg
FK627_Marrom_1.jpg,http://res.cloudinary.com/dzvn3l0dj/image/upload/v1688842445/iw0ufwgkfn2vhwlfa9op.jpg
FK627_Marrom_2.jpg,http://res.cloudinary.com/dzvn3l0dj/image/upload/v1688842421/zbwaym2crg1jcvylebjr.jpg
FK627_Marrom_3.jpg,http://res.cloudinary.com/dzvn3l0dj/image/upload/v1688842447/fkdttk3beanrcquxydpd.jpg
FK627_Marrom_4.jpg,http://res.cloudinary.com/dzvn3l0dj/image/upload/v1688842444/ow7ogc7mg2pwn2p7ibjg.jpg
FK627_Nude_1.jpg,http://res.cloudinary.com/dzvn3l0dj/image/upload/v1688842454/wfkncie3klhehuttnhrl.jpg
FK627_Nude_2.jpg,http://res.cloudinary.com/dzvn3l0dj/image/upload/v1688842443/e3mvlcvzhxsit5dxq5ay.jpg
FK627_Nude_3.jpg,http://res.cloudinary.com/dzvn3l0dj/image/upload/v1688842456/okwsmjh1irwf0hmjytwl.jpg
FK627_Nude_4.jpg,http://res.cloudinary.com/dzvn3l0dj/image/upload/v1688842455/atrcaooyz1jumqa5yctq.jpg
FK627_Vinho_1.jpg,http://res.cloudinary.com/dzvn3l0dj/image/upload/v1688842457/nnasvvdrx7bhyc8w4a2e.jpg
FK627_Vinho_2.jpg,http://res.cloudinary.com/dzvn3l0dj/image/upload/v1688842458/ymkzln77isjgzk3zdyot.jpg
FK627_Vinho_3.jpg,http://res.cloudinary.com/dzvn3l0dj/image/upload/v1688842454/i4ilenifsk7adpne0btp.jpg
FK627_Vinho_4.jpg,http://res.cloudinary.com/dzvn3l0dj/image/upload/v1688842462/axobrpawtrvdsqmee4va.jpg
FK628_Azul_1.jpg,http://res.cloudinary.com/dzvn3l0dj/image/upload/v1688842455/fv3rl1e5oocya3i94sdb.jpg
FK628_Azul_2.jpg,http://res.cloudinary.com/dzvn3l0dj/image/upload/v1688842457/xpgait2vq2m6ku4txe6h.jpg
FK628_Azul_3.jpg,http://res.cloudinary.com/dzvn3l0dj/image/upload/v1688842456/lshhqmqmfc3e5ljnifhd.jpg
FK628_Azul_4.jpg,http://res.cloudinary.com/dzvn3l0dj/image/upload/v1688842435/rpnnzkn00shjxrwgchbl.jpg
FK628_Marrom_1.jpg,http://res.cloudinary.com/dzvn3l0dj/image/upload/v1688842458/phaxjisjowiwztwifs9n.jpg
FK628_Marrom_2.jpg,http://res.cloudinary.com/dzvn3l0dj/image/upload/v1688842454/pmvdyzopl7ozisnjarr9.jpg
FK628_Marrom_3.jpg,http://res.cloudinary.com/dzvn3l0dj/image/upload/v1688842460/a2ptxbx1mzcjdf5xs36c.jpg
FK628_Marrom_4.jpg,http://res.cloudinary.com/dzvn3l0dj/image/upload/v1688842427/cmsghm4yardpvqjy0hym.jpg
FK628_Nude_1.jpg,http://res.cloudinary.com/dzvn3l0dj/image/upload/v1688842453/wa8eb6rs7hpynew3vvuh.jpg
FK628_Nude_2.jpg,http://res.cloudinary.com/dzvn3l0dj/image/upload/v1688842459/e86ixgi2q8irhhmnusfr.jpg
FK628_Nude_3.jpg,http://res.cloudinary.com/dzvn3l0dj/image/upload/v1688842402/ezprjya96kowkmff3kbb.jpg
FK628_Nude_4.jpg,http://res.cloudinary.com/dzvn3l0dj/image/upload/v1688842440/azew0ieyeymlgfqtmsqu.jpg
FK628_Vinho_1.jpg,http://res.cloudinary.com/dzvn3l0dj/image/upload/v1688842456/uxoysddwh5skh4g95nmq.jpg
FK628_Vinho_2.jpg,http://res.cloudinary.com/dzvn3l0dj/image/upload/v1688842458/ixsy5u0hcnoqhlkljvqh.jpg
FK628_Vinho_3.jpg,http://res.cloudinary.com/dzvn3l0dj/image/upload/v1688842455/h2s4kjp3esc05sr1brzm.jpg
FK628_Vinho_4.jpg,http://res.cloudinary.com/dzvn3l0dj/image/upload/v1688842448/iuh1ejloiosbhpxqqmnn.jpg
FK629_Azul_1.jpg,http://res.cloudinary.com/dzvn3l0dj/image/upload/v1688842460/bsj3zwwu1agtefr8ldzt.jpg
FK629_Azul_2.jpg,http://res.cloudinary.com/dzvn3l0dj/image/upload/v1688842450/v8viw21qodqjz3upqybm.jpg
FK629_Azul_3.jpg,http://res.cloudinary.com/dzvn3l0dj/image/upload/v1688842452/dwcvdmoot1ojtbkhjumd.jpg
FK629_Azul_4.jpg,http://res.cloudinary.com/dzvn3l0dj/image/upload/v1688842442/rzsfi0k73ehlp6bixxhu.jpg
FK629_Marrom_1.jpg,http://res.cloudinary.com/dzvn3l0dj/image/upload/v1688842430/gamhx20d9zi6ah9xhjl7.jpg
FK629_Marrom_2.jpg,http://res.cloudinary.com/dzvn3l0dj/image/upload/v1688842448/tti5xeh9uyb3qfdrah88.jpg
FK629_Marrom_3.jpg,http://res.cloudinary.com/dzvn3l0dj/image/upload/v1688842457/yjuuuup1ax6tiapcjfrg.jpg
FK629_Marrom_4.jpg,http://res.cloudinary.com/dzvn3l0dj/image/upload/v1688842451/f6mshp0smew2dpvu96zs.jpg
FK629_Nude_1.jpg,http://res.cloudinary.com/dzvn3l0dj/image/upload/v1688842455/x54ufkvr34aumbm8dkgw.jpg
FK629_Nude_2.jpg,http://res.cloudinary.com/dzvn3l0dj/image/upload/v1688842443/mabi4nevcbvdem5hzokh.jpg
FK629_Nude_3.jpg,http://res.cloudinary.com/dzvn3l0dj/image/upload/v1688842438/qlgrrrp8euwn7a4qfypz.jpg
FK629_Nude_4.jpg,http://res.cloudinary.com/dzvn3l0dj/image/upload/v1688842415/libjmo7ju5njmdtiqq4v.jpg
FK629_Vinho_1.jpg,http://res.cloudinary.com/dzvn3l0dj/image/upload/v1688842456/rxix8xkyi6wa89ibvyqr.jpg
FK629_Vinho_2.jpg,http://res.cloudinary.com/dzvn3l0dj/image/upload/v1688842414/xmyjidsgghzspsnq79sk.jpg
FK629_Vinho_3.jpg,http://res.cloudinary.com/dzvn3l0dj/image/upload/v1688842448/up4tdi8ux6tmousmxuhd.jpg
FK629_Vinho_4.jpg,http://res.cloudinary.com/dzvn3l0dj/image/upload/v1688842408/vkcrr0walyfwt7v6zgtg.jpg
FK630_Azul_1.jpg,http://res.cloudinary.com/dzvn3l0dj/image/upload/v1688842440/usav2dzni37ix7qxjy5x.jpg
FK630_Azul_2.jpg,http://res.cloudinary.com/dzvn3l0dj/image/upload/v1688842440/zatrxaxn0p7xvw6m3as0.jpg
FK630_Azul_3.jpg,http://res.cloudinary.com/dzvn3l0dj/image/upload/v1688842431/bzv9ja4vp3jf1vjlwgxb.jpg
FK630_Azul_4.jpg,http://res.cloudinary.com/dzvn3l0dj/image/upload/v1688842441/qfocafmdlhaq7deks9ab.jpg
FK630_Marrom_1.jpg,http://res.cloudinary.com/dzvn3l0dj/image/upload/v1688842404/i5g79ggubxbhnktqdgxp.jpg
FK630_Marrom_2.jpg,http://res.cloudinary.com/dzvn3l0dj/image/upload/v1688842423/iarvmjg7gurxeglumxve.jpg
FK630_Marrom_3.jpg,http://res.cloudinary.com/dzvn3l0dj/image/upload/v1688842436/ub5keezinykbyajdkyod.jpg
FK630_Marrom_4.jpg,http://res.cloudinary.com/dzvn3l0dj/image/upload/v1688842446/qnskybjtgkv5bu8bbbbw.jpg
FK630_Nude_1.jpg,http://res.cloudinary.com/dzvn3l0dj/image/upload/v1688842426/umppmfcx70hqr0pymk0a.jpg
FK630_Nude_2.jpg,http://res.cloudinary.com/dzvn3l0dj/image/upload/v1688842432/dgh26qvch68qmgddf76s.jpg
FK630_Nude_3.jpg,http://res.cloudinary.com/dzvn3l0dj/image/upload/v1688842427/dwy0nxnkbmwrp5ayuij2.jpg
FK630_Nude_4.jpg,http://res.cloudinary.com/dzvn3l0dj/image/upload/v1688842447/ip7aobspmgl4hbxgy1ww.jpg
FK630_Vinho_1.jpg,http://res.cloudinary.com/dzvn3l0dj/image/upload/v1688842447/sauxxurdh6tycmso13hd.jpg
FK630_Vinho_2.jpg,http://res.cloudinary.com/dzvn3l0dj/image/upload/v1688842425/vfiqxxhom8sso5gzzr8e.jpg
FK630_Vinho_3.jpg,http://res.cloudinary.com/dzvn3l0dj/image/upload/v1688842445/forwpzv97ygysqiedxoe.jpg
FK630_Vinho_4.jpg,http://res.cloudinary.com/dzvn3l0dj/image/upload/v1688842452/lqrcuqkjmcl2q5wwqqwd.jpg
FK631_Azul_1.jpg,http://res.cloudinary.com/dzvn3l0dj/image/upload/v1688842454/rs5ijdgnzyjv9gwnogxm.jpg
FK631_Azul_2.jpg,http://res.cloudinary.com/dzvn3l0dj/image/upload/v1688842447/j0nntmouollvbx83cntj.jpg
FK631_Azul_3.jpg,http://res.cloudinary.com/dzvn3l0dj/image/upload/v1688842447/fmqjdauegqw6k99zq6ov.jpg
FK631_Azul_4.jpg,http://res.cloudinary.com/dzvn3l0dj/image/upload/v1688842422/dazvlstkxhnjkdhb0orc.jpg
FK631_Marrom_1.jpg,http://res.cloudinary.com/dzvn3l0dj/image/upload/v1688842430/ehgswjhcvdym6uxiupyf.jpg
FK631_Marrom_2.jpg,http://res.cloudinary.com/dzvn3l0dj/image/upload/v1688842452/ov0qmb5vvql1a4uphtne.jpg
FK631_Marrom_3.jpg,http://res.cloudinary.com/dzvn3l0dj/image/upload/v1688842445/vwkgnsdxkscmd7awkvbs.jpg
FK631_Marrom_4.jpg,http://res.cloudinary.com/dzvn3l0dj/image/upload/v1688842446/ufsdjtsoult1ejkpynn4.jpg
FK631_Nude_1.jpg,http://res.cloudinary.com/dzvn3l0dj/image/upload/v1688842447/jg4ul5m3nsktzmmtmsyr.jpg
FK631_Nude_2.jpg,http://res.cloudinary.com/dzvn3l0dj/image/upload/v1688842423/phm757ojwud23lk3elg0.jpg
FK631_Nude_3.jpg,http://res.cloudinary.com/dzvn3l0dj/image/upload/v1688842440/yxt4wuii1rcxlctztstp.jpg
FK631_Nude_4.jpg,http://res.cloudinary.com/dzvn3l0dj/image/upload/v1688842440/rgw1jzdpl2dt4houz15s.jpg
FK631_Vinho_1.jpg,http://res.cloudinary.com/dzvn3l0dj/image/upload/v1688842443/numnnsrvfqx2m6ktvrzh.jpg
FK631_Vinho_2.jpg,http://res.cloudinary.com/dzvn3l0dj/image/upload/v1688842432/hdtaxcopujwn74v2llus.jpg
FK631_Vinho_3.jpg,http://res.cloudinary.com/dzvn3l0dj/image/upload/v1688842454/s11p9im32wsmfpl4qqd4.jpg
FK631_Vinho_4.jpg,http://res.cloudinary.com/dzvn3l0dj/image/upload/v1688842451/kvxg7e5ayar0eko3adhk.jpg
FK632_Caqui_1.jpg,http://res.cloudinary.com/dzvn3l0dj/image/upload/v1688842455/vpgedeekubhstpp6muwa.jpg
FK632_Caqui_2.jpg,http://res.cloudinary.com/dzvn3l0dj/image/upload/v1688842434/q2jguq2kcsbq3a7in7xy.jpg
FK632_Caqui_3.jpg,http://res.cloudinary.com/dzvn3l0dj/image/upload/v1688842429/p9srzxmybtu6yhxlclic.jpg
FK632_Caqui_4.jpg,http://res.cloudinary.com/dzvn3l0dj/image/upload/v1688842433/fxw0dir6kfbf7z0msflp.jpg
FK632_Preta_1.jpg,http://res.cloudinary.com/dzvn3l0dj/image/upload/v1688842447/de80flavbddpxlvfedfp.jpg
FK632_Preta_2.jpg,http://res.cloudinary.com/dzvn3l0dj/image/upload/v1688842420/gttngxkjpubxhrx2iecs.jpg
FK632_Preta_3.jpg,http://res.cloudinary.com/dzvn3l0dj/image/upload/v1688842408/npjcli9ibp6ajx5fgzqb.jpg
FK632_Preta_4.jpg,http://res.cloudinary.com/dzvn3l0dj/image/upload/v1688842409/supb2xkf7eorrczybqic.jpg
FK633_Caqui_1.jpg,http://res.cloudinary.com/dzvn3l0dj/image/upload/v1688842408/gdrmofjncarqnemkrtaj.jpg
FK633_Caqui_2.jpg,http://res.cloudinary.com/dzvn3l0dj/image/upload/v1688842407/ojrozgd75e0yyioyecxh.jpg
FK633_Caqui_3.jpg,http://res.cloudinary.com/dzvn3l0dj/image/upload/v1688842439/zrulo9zntv4tpvsaplhl.jpg
FK633_Caqui_4.jpg,http://res.cloudinary.com/dzvn3l0dj/image/upload/v1688842426/fl7qjnhkeepx9guyagwx.jpg
FK633_Preta_1.jpg,http://res.cloudinary.com/dzvn3l0dj/image/upload/v1688842432/veuew2eigi80gf80cqhk.jpg
FK633_Preta_2.jpg,http://res.cloudinary.com/dzvn3l0dj/image/upload/v1688842429/y8zduphgnv7hhyali2tg.jpg
FK633_Preta_3.jpg,http://res.cloudinary.com/dzvn3l0dj/image/upload/v1688842418/tfft96kpczzmk3r4jqng.jpg
FK633_Preta_4.jpg,http://res.cloudinary.com/dzvn3l0dj/image/upload/v1688842408/ic2ugupei0twllmeyryv.jpg
FK634_Preta_1.jpg,http://res.cloudinary.com/dzvn3l0dj/image/upload/v1688842449/pkazyeqdq1ceidflmpet.jpg
FK634_Preta_2.jpg,http://res.cloudinary.com/dzvn3l0dj/image/upload/v1688842439/vqhrskszugnf4tzvgtnv.jpg
FK634_Preta_3.jpg,http://res.cloudinary.com/dzvn3l0dj/image/upload/v1688842447/vvvyscxx8pmxkmulc5ge.jpg
FK634_Preta_4.jpg,http://res.cloudinary.com/dzvn3l0dj/image/upload/v1688842425/npabacmodg9tythhakkv.jpg
FK635_Azul_1.jpg,http://res.cloudinary.com/dzvn3l0dj/image/upload/v1688842440/ak9x5d27rgzwg0g1xa1e.jpg
FK635_Azul_2.jpg,http://res.cloudinary.com/dzvn3l0dj/image/upload/v1688842415/lbvas0xxuwxvnzqimqtw.jpg
FK635_Azul_3.jpg,http://res.cloudinary.com/dzvn3l0dj/image/upload/v1688842454/vedbqqv7vakofcta4j6r.jpg
FK635_Azul_4.jpg,http://res.cloudinary.com/dzvn3l0dj/image/upload/v1688842442/m1h2oxe6rfry7ib1gqhw.jpg
FK635_Nude_1.jpg,http://res.cloudinary.com/dzvn3l0dj/image/upload/v1688842441/imosupjuosjwwkyfefpr.jpg
FK635_Nude_2.jpg,http://res.cloudinary.com/dzvn3l0dj/image/upload/v1688842439/zpwea6rukswwfbztkku2.jpg
FK635_Nude_3.jpg,http://res.cloudinary.com/dzvn3l0dj/image/upload/v1688842440/rwutoubzo75fgjzm2kko.jpg
FK635_Nude_4.jpg,http://res.cloudinary.com/dzvn3l0dj/image/upload/v1688842460/uaztabdtfpgrf8urazfh.jpg
FK635_Preta_1.jpg,http://res.cloudinary.com/dzvn3l0dj/image/upload/v1688842432/eagpwvrvaqmak3ypbynk.jpg
FK635_Preta_2.jpg,http://res.cloudinary.com/dzvn3l0dj/image/upload/v1688842411/cpkwobovs3ff3xc8t0te.jpg
FK635_Preta_3.jpg,http://res.cloudinary.com/dzvn3l0dj/image/upload/v1688842459/rqnnfjwls3xcwymreyoc.jpg
FK635_Preta_4.jpg,http://res.cloudinary.com/dzvn3l0dj/image/upload/v1688842457/xglmn4oserknoanusaej.jpg
FK636_Preta_1.jpg,http://res.cloudinary.com/dzvn3l0dj/image/upload/v1688842438/ixvzhfkrvyh74zn2eeyv.jpg
FK636_Preta_2.jpg,http://res.cloudinary.com/dzvn3l0dj/image/upload/v1688842431/jn2ft6ffdegciyueeylx.jpg
FK636_Preta_3.jpg,http://res.cloudinary.com/dzvn3l0dj/image/upload/v1688842439/rapuqgyglmxc9oogw7k8.jpg
FK636_Preta_4.jpg,http://res.cloudinary.com/dzvn3l0dj/image/upload/v1688842434/xwmnzeapayjetayluivc.jpg
FK637_Azul_1.jpg,http://res.cloudinary.com/dzvn3l0dj/image/upload/v1688842443/njjtkvsibep5aspxuqsj.jpg
FK637_Azul_2.jpg,http://res.cloudinary.com/dzvn3l0dj/image/upload/v1688842449/kose4t4bquhtzqogubdk.jpg
FK637_Azul_3.jpg,http://res.cloudinary.com/dzvn3l0dj/image/upload/v1688842438/ohi7kemiw6pgyxfpkla7.jpg
FK637_Azul_4.jpg,http://res.cloudinary.com/dzvn3l0dj/image/upload/v1688842458/gxf09hzf0kpyjkoxgbuw.jpg
FK637_Nude_1.jpg,http://res.cloudinary.com/dzvn3l0dj/image/upload/v1688842441/rxoabag13dxicgvtoqdx.jpg
FK637_Nude_2.jpg,http://res.cloudinary.com/dzvn3l0dj/image/upload/v1688842446/fai0wyxd0hclnnrfkgzm.jpg
FK637_Nude_3.jpg,http://res.cloudinary.com/dzvn3l0dj/image/upload/v1688842432/cp7t0ltxhx7tbwshp0yn.jpg
FK637_Nude_4.jpg,http://res.cloudinary.com/dzvn3l0dj/image/upload/v1688842442/vxxr7ejlm36nmad6daim.jpg
FK637_Preta_1.jpg,http://res.cloudinary.com/dzvn3l0dj/image/upload/v1688842454/ulqjebc0b67sdydbqlas.jpg
FK637_Preta_2.jpg,http://res.cloudinary.com/dzvn3l0dj/image/upload/v1688842436/i2vnrmtzhgrokoh9vo5w.jpg
FK637_Preta_3.jpg,http://res.cloudinary.com/dzvn3l0dj/image/upload/v1688842456/rg0avsd9dvmss91keuml.jpg
FK637_Preta_4.jpg,http://res.cloudinary.com/dzvn3l0dj/image/upload/v1688842417/pakxwlsgrinstww12xbx.jpg
FK638_Preta_1.jpg,http://res.cloudinary.com/dzvn3l0dj/image/upload/v1688842437/mdokh4ycpyvecblhk2ve.jpg
FK638_Preta_2.jpg,http://res.cloudinary.com/dzvn3l0dj/image/upload/v1688842435/sd6sbpnieszgyc8tpipv.jpg
FK638_Preta_3.jpg,http://res.cloudinary.com/dzvn3l0dj/image/upload/v1688842435/dzpjuqy2m442xelfl0by.jpg
FK638_Preta_4.jpg,http://res.cloudinary.com/dzvn3l0dj/image/upload/v1688842447/bo37scn34fz4ewyolbao.jpg
FK639_Preta_1.jpg,http://res.cloudinary.com/dzvn3l0dj/image/upload/v1688842436/h6f4f1dbiihxnat2hhfz.jpg
FK639_Preta_2.jpg,http://res.cloudinary.com/dzvn3l0dj/image/upload/v1688842416/brxflhqwlmbd2ndg0p24.jpg
FK639_Preta_3.jpg,http://res.cloudinary.com/dzvn3l0dj/image/upload/v1688842419/zfevk45dlrrlz6uruquj.jpg
FK639_Preta_4.jpg,http://res.cloudinary.com/dzvn3l0dj/image/upload/v1688842428/fgpruqfshnavrjmowwgl.jpg
FK640_Azul_1.jpg,http://res.cloudinary.com/dzvn3l0dj/image/upload/v1688842448/muvyq0rcpoaoccx9iham.jpg
FK640_Azul_2.jpg,http://res.cloudinary.com/dzvn3l0dj/image/upload/v1688842447/ejh5qtv8txvatnhfnw9v.jpg
FK640_Azul_3.jpg,http://res.cloudinary.com/dzvn3l0dj/image/upload/v1688842415/wb1k1i3qtamlmru1fv6a.jpg
FK640_Azul_4.jpg,http://res.cloudinary.com/dzvn3l0dj/image/upload/v1688842441/al9rqtcvoxx2qn7kwzxw.jpg
FK640_Nude_1.jpg,http://res.cloudinary.com/dzvn3l0dj/image/upload/v1688842449/wg5nmonhpxdnawwxwqcz.jpg
FK640_Nude_2.jpg,http://res.cloudinary.com/dzvn3l0dj/image/upload/v1688842445/ra8foibf94myt5rrj9kb.jpg
FK640_Nude_3.jpg,http://res.cloudinary.com/dzvn3l0dj/image/upload/v1688842456/iejxwpgur3l7buatvaty.jpg
FK640_Nude_4.jpg,http://res.cloudinary.com/dzvn3l0dj/image/upload/v1688842442/of7jpwkqenffyabb4jpv.jpg
FK640_Preta_1.jpg,http://res.cloudinary.com/dzvn3l0dj/image/upload/v1688842456/oybzxy0sa3w6y0kwxwtl.jpg
FK640_Preta_2.jpg,http://res.cloudinary.com/dzvn3l0dj/image/upload/v1688842441/oiuouzyb9dkba8wt0xkv.jpg
FK640_Preta_3.jpg,http://res.cloudinary.com/dzvn3l0dj/image/upload/v1688842452/twcs5iis4jsitipp33t3.jpg
FK640_Preta_4.jpg,http://res.cloudinary.com/dzvn3l0dj/image/upload/v1688842453/hwhnewmbmnj0sl9ulyge.jpg
FK641_Preta_1.jpg,http://res.cloudinary.com/dzvn3l0dj/image/upload/v1688842443/lvsebvsibzux9ifgjyfv.jpg
FK641_Preta_2.jpg,http://res.cloudinary.com/dzvn3l0dj/image/upload/v1688842440/ijcikdocdq2kxj2umg3v.jpg
FK641_Preta_3.jpg,http://res.cloudinary.com/dzvn3l0dj/image/upload/v1688842441/qvfnjrf7hxvcst0f54cy.jpg
FK641_Preta_4.jpg,http://res.cloudinary.com/dzvn3l0dj/image/upload/v1688842434/smna4qox6dji2o4fuush.jpg
FK642_Azul_1.jpg,http://res.cloudinary.com/dzvn3l0dj/image/upload/v1688842417/iop9gfdssnbuf18m9lun.jpg
FK642_Azul_2.jpg,http://res.cloudinary.com/dzvn3l0dj/image/upload/v1688842432/pup56yosioahodltlc9l.jpg
FK642_Azul_3.jpg,http://res.cloudinary.com/dzvn3l0dj/image/upload/v1688842437/pdy6yzv2gk3qp8e3jixq.jpg
FK642_Azul_4.jpg,http://res.cloudinary.com/dzvn3l0dj/image/upload/v1688842441/nsdxppzfkhftgarbevpx.jpg
FK642_Nude_1.jpg,http://res.cloudinary.com/dzvn3l0dj/image/upload/v1688842447/aqa6anhic1gmx6okntka.jpg
FK642_Nude_2.jpg,http://res.cloudinary.com/dzvn3l0dj/image/upload/v1688842448/czuuw5rc2yhoiiscvfvd.jpg
FK642_Nude_3.jpg,http://res.cloudinary.com/dzvn3l0dj/image/upload/v1688842453/qfqj6vqrx6nojwiluijf.jpg
FK642_Nude_4.jpg,http://res.cloudinary.com/dzvn3l0dj/image/upload/v1688842451/zpnvbw2o00gijzy4g18m.jpg
FK642_Preta_1.jpg,http://res.cloudinary.com/dzvn3l0dj/image/upload/v1688842440/djjo7kkyf64hffzh0kgi.jpg
FK642_Preta_2.jpg,http://res.cloudinary.com/dzvn3l0dj/image/upload/v1688842454/xnnapfeo4wkpxc3alyer.jpg
FK642_Preta_3.jpg,http://res.cloudinary.com/dzvn3l0dj/image/upload/v1688842453/bbdkath1u3xq30dmeci8.jpg
FK642_Preta_4.jpg,http://res.cloudinary.com/dzvn3l0dj/image/upload/v1688842454/ay1ebroevywod2rsiniw.jpg
FK643_Preta_1.jpg,http://res.cloudinary.com/dzvn3l0dj/image/upload/v1688842449/lnq9sksqhqbqjm5ylkkq.jpg
FK643_Preta_2.jpg,http://res.cloudinary.com/dzvn3l0dj/image/upload/v1688842424/dpli88o4gp4zvekk4w0p.jpg
FK643_Preta_3.jpg,http://res.cloudinary.com/dzvn3l0dj/image/upload/v1688842431/flljnplhkz0ehus3rub6.jpg
FK643_Preta_4.jpg,http://res.cloudinary.com/dzvn3l0dj/image/upload/v1688842446/yyqyrkfturefuhwuzhkw.jpg
FK644_Azul_1.jpg,http://res.cloudinary.com/dzvn3l0dj/image/upload/v1688842456/jorry3d7hm2dekfhtiun.jpg
FK644_Azul_2.jpg,http://res.cloudinary.com/dzvn3l0dj/image/upload/v1688842450/lukxcufipkg6daqfqymx.jpg
FK644_Azul_3.jpg,http://res.cloudinary.com/dzvn3l0dj/image/upload/v1688842459/zaocxhft16yamxo9l09o.jpg
FK644_Azul_4.jpg,http://res.cloudinary.com/dzvn3l0dj/image/upload/v1688842447/azklfztzfzi5frivbzqf.jpg
FK644_Nude_1.jpg,http://res.cloudinary.com/dzvn3l0dj/image/upload/v1688842460/eadlx1j9efamnjsiablj.jpg
FK644_Nude_2.jpg,http://res.cloudinary.com/dzvn3l0dj/image/upload/v1688842455/yb1uxqwvbfly0mj6viag.jpg
FK644_Nude_3.jpg,http://res.cloudinary.com/dzvn3l0dj/image/upload/v1688842455/jcoltvmye4iky2fklssb.jpg
FK644_Nude_4.jpg,http://res.cloudinary.com/dzvn3l0dj/image/upload/v1688842456/fjiqoabshjvecsexc9jo.jpg
FK644_Preta_1.jpg,http://res.cloudinary.com/dzvn3l0dj/image/upload/v1688842443/l5oessubpkn12rdkmfat.jpg
FK644_Preta_2.jpg,http://res.cloudinary.com/dzvn3l0dj/image/upload/v1688842430/qmrervsybbni2bsf0d6b.jpg
FK644_Preta_3.jpg,http://res.cloudinary.com/dzvn3l0dj/image/upload/v1688842443/up3hytuwblaqa3jteg1u.jpg
FK644_Preta_4.jpg,http://res.cloudinary.com/dzvn3l0dj/image/upload/v1688842444/wob0lb0g2roqznoz3uxi.jpg
FK645_Caramelo_1.jpg,http://res.cloudinary.com/dzvn3l0dj/image/upload/v1688842451/qgv3a357si9kpndeqdqp.jpg
FK645_Caramelo_2.jpg,http://res.cloudinary.com/dzvn3l0dj/image/upload/v1688842454/nqtcjonchdn7pn2o0flg.jpg
FK645_Caramelo_3.jpg,http://res.cloudinary.com/dzvn3l0dj/image/upload/v1688842451/izvs9uf8e0zhfxn55tur.jpg
FK645_Caramelo_4.jpg,http://res.cloudinary.com/dzvn3l0dj/image/upload/v1688842458/oreyho9hhl3i2wghbdzc.jpg
FK645_Preta_1.jpg,http://res.cloudinary.com/dzvn3l0dj/image/upload/v1688842431/w7twt8rjfpycf1lect5l.jpg
FK645_Preta_2.jpg,http://res.cloudinary.com/dzvn3l0dj/image/upload/v1688842433/ckgqzii7p5fwqdlrvzbe.jpg
FK645_Preta_3.jpg,http://res.cloudinary.com/dzvn3l0dj/image/upload/v1688842450/b1vykmaldcouiwym6tgp.jpg
FK645_Preta_4.jpg,http://res.cloudinary.com/dzvn3l0dj/image/upload/v1688842451/gtedkabq1mwhnobhnexj.jpg
FK646_Azul_1.jpg,http://res.cloudinary.com/dzvn3l0dj/image/upload/v1688842458/anukdststnbe6rsjyykj.jpg
FK646_Azul_2.jpg,http://res.cloudinary.com/dzvn3l0dj/image/upload/v1688842443/jlbu7ubfobskeklnqvyc.jpg
FK646_Azul_3.jpg,http://res.cloudinary.com/dzvn3l0dj/image/upload/v1688842459/xm8wulchhoidzdsza8fv.jpg
FK646_Azul_4.jpg,http://res.cloudinary.com/dzvn3l0dj/image/upload/v1688842445/dodlnm4pezvxxjwrk7mi.jpg
FK646_Marrom_1.jpg,http://res.cloudinary.com/dzvn3l0dj/image/upload/v1688842458/ej3s7ebid3xbfybwjrnu.jpg
FK646_Marrom_2.jpg,http://res.cloudinary.com/dzvn3l0dj/image/upload/v1688842458/ijlnoci03ul6fvcmaxyn.jpg
FK646_Marrom_3.jpg,http://res.cloudinary.com/dzvn3l0dj/image/upload/v1688842447/oo6kj5lirizkjrzr0phx.jpg
FK646_Marrom_4.jpg,http://res.cloudinary.com/dzvn3l0dj/image/upload/v1688842460/l5hgarmeg3nvyjhcde5b.jpg
FK647_Azul_1.jpg,http://res.cloudinary.com/dzvn3l0dj/image/upload/v1688842448/ewzktvobpzhvcwsdy6vp.jpg
FK647_Azul_2.jpg,http://res.cloudinary.com/dzvn3l0dj/image/upload/v1688842446/erzzmdzvcwcivgz5lgal.jpg
FK647_Azul_3.jpg,http://res.cloudinary.com/dzvn3l0dj/image/upload/v1688842440/jbb4h7mkzuhrfy9ytjbq.jpg
FK647_Azul_4.jpg,http://res.cloudinary.com/dzvn3l0dj/image/upload/v1688842459/twbbyzurvh2k5bwggsal.jpg
FK647_Nude_1.jpg,http://res.cloudinary.com/dzvn3l0dj/image/upload/v1688842441/hqyv1vya5p1ulabpxwyf.jpg
FK647_Nude_2.jpg,http://res.cloudinary.com/dzvn3l0dj/image/upload/v1688842450/i1s5idtqxsrhv6sbtf8p.jpg
FK647_Nude_3.jpg,http://res.cloudinary.com/dzvn3l0dj/image/upload/v1688842435/ovxgdftyslluzith3uad.jpg
FK647_Nude_4.jpg,http://res.cloudinary.com/dzvn3l0dj/image/upload/v1688842457/vwe17n1bhedirjpmphie.jpg
FK647_Pink_1.jpg,http://res.cloudinary.com/dzvn3l0dj/image/upload/v1688842442/agwi8nwucdwkgebvjoj9.jpg
FK647_Pink_2.jpg,http://res.cloudinary.com/dzvn3l0dj/image/upload/v1688842450/khun8ud4bujjh5sbga5z.jpg
FK647_Pink_3.jpg,http://res.cloudinary.com/dzvn3l0dj/image/upload/v1688842423/pzwbguyc6ww6hcpvwczc.jpg
FK647_Pink_4.jpg,http://res.cloudinary.com/dzvn3l0dj/image/upload/v1688842461/uzjo7nswr78bpnk66aeu.jpg
FK648_Azul_1.jpg,http://res.cloudinary.com/dzvn3l0dj/image/upload/v1688842452/edbqsxqsrzgmyaysjjca.jpg
FK648_Azul_2.jpg,http://res.cloudinary.com/dzvn3l0dj/image/upload/v1688842453/rmsv69uwgu29cruhepso.jpg
FK648_Azul_3.jpg,http://res.cloudinary.com/dzvn3l0dj/image/upload/v1688842440/qhfn8ilduba8acw3p84k.jpg
FK648_Azul_4.jpg,http://res.cloudinary.com/dzvn3l0dj/image/upload/v1688842456/lzdykns7cpsuhgkekfyw.jpg
FK648_Nude_1.jpg,http://res.cloudinary.com/dzvn3l0dj/image/upload/v1688842442/v4egldjhnngcm7f7zw4h.jpg
FK648_Nude_2.jpg,http://res.cloudinary.com/dzvn3l0dj/image/upload/v1688842448/fbqp7q48khg21xkxmsh1.jpg
FK648_Nude_3.jpg,http://res.cloudinary.com/dzvn3l0dj/image/upload/v1688842460/lpif6mzs0ypkvcc6yzts.jpg
FK648_Nude_4.jpg,http://res.cloudinary.com/dzvn3l0dj/image/upload/v1688842457/rps0bmuaphfajunaupvg.jpg
FK648_Pink_1.jpg,http://res.cloudinary.com/dzvn3l0dj/image/upload/v1688842445/fvjhjkqi3unju0ajw17k.jpg
FK648_Pink_2.jpg,http://res.cloudinary.com/dzvn3l0dj/image/upload/v1688842453/to3amhxjglh4qdwx3r17.jpg
FK648_Pink_3.jpg,http://res.cloudinary.com/dzvn3l0dj/image/upload/v1688842456/ladyi9zbuumpjnapwta5.jpg
FK648_Pink_4.jpg,http://res.cloudinary.com/dzvn3l0dj/image/upload/v1688842453/mzsppqi8gdlm1haigfph.jpg
FK649_Azul_1.jpg,http://res.cloudinary.com/dzvn3l0dj/image/upload/v1688842458/fjrxs9qx30xvzlsc0ygf.jpg
FK649_Azul_2.jpg,http://res.cloudinary.com/dzvn3l0dj/image/upload/v1688842455/gsypy67u3ehoyexxwi2n.jpg
FK649_Azul_3.jpg,http://res.cloudinary.com/dzvn3l0dj/image/upload/v1688842451/asc6rvi1hnubxxtt6bd9.jpg
FK649_Azul_4.jpg,http://res.cloudinary.com/dzvn3l0dj/image/upload/v1688842459/htdqpaawceanqc1zge2a.jpg
FK649_Marrom_1.jpg,http://res.cloudinary.com/dzvn3l0dj/image/upload/v1688842461/le7m1tkzeb1wullzfazu.jpg
FK649_Marrom_2.jpg,http://res.cloudinary.com/dzvn3l0dj/image/upload/v1688842453/og5fpcu9a9yuisctoujl.jpg
FK649_Marrom_3.jpg,http://res.cloudinary.com/dzvn3l0dj/image/upload/v1688842458/ov5njusbaads3d0vzzgo.jpg
FK649_Marrom_4.jpg,http://res.cloudinary.com/dzvn3l0dj/image/upload/v1688842441/vhl6h3pympwac6sb0kjs.jpg
FK649_Nude_1.jpg,http://res.cloudinary.com/dzvn3l0dj/image/upload/v1688842457/wqf3zmoepqwrygea8s5w.jpg
FK649_Nude_2.jpg,http://res.cloudinary.com/dzvn3l0dj/image/upload/v1688842456/o8xlhtezygeejxwyx1x2.jpg
FK649_Nude_3.jpg,http://res.cloudinary.com/dzvn3l0dj/image/upload/v1688842459/s6hbnuvcq6u3hypx4em0.jpg
FK649_Nude_4.jpg,http://res.cloudinary.com/dzvn3l0dj/image/upload/v1688842460/nw5ons4x2tqpa2iziqwb.jpg
FK649_Vinho_1.jpg,http://res.cloudinary.com/dzvn3l0dj/image/upload/v1688842459/z8iow1u1odm6w7jsnxl2.jpg
FK649_Vinho_2.jpg,http://res.cloudinary.com/dzvn3l0dj/image/upload/v1688842445/dnqfjspkmyzfpvufwq32.jpg
FK649_Vinho_3.jpg,http://res.cloudinary.com/dzvn3l0dj/image/upload/v1688842452/o8zn78rshp9npe1pwozk.jpg
FK649_Vinho_4.jpg,http://res.cloudinary.com/dzvn3l0dj/image/upload/v1688842456/rfsxb3ke37qdfifyvrbv.jpg
FK650_Azul_1.jpg,http://res.cloudinary.com/dzvn3l0dj/image/upload/v1688842451/idevdhthhgodyn90pvwe.jpg
FK650_Azul_2.jpg,http://res.cloudinary.com/dzvn3l0dj/image/upload/v1688842457/fyezstvhwyriu88xvatn.jpg
FK650_Azul_3.jpg,http://res.cloudinary.com/dzvn3l0dj/image/upload/v1688842456/vygm8jrqpo1xctlv9ljw.jpg
FK650_Azul_4.jpg,http://res.cloudinary.com/dzvn3l0dj/image/upload/v1688842454/zgwmkbq2kbuofr8x0i1r.jpg
FK650_Marrom_1.jpg,http://res.cloudinary.com/dzvn3l0dj/image/upload/v1688842455/nbobpvluyfj1j3z1yrf9.jpg
FK650_Marrom_2.jpg,http://res.cloudinary.com/dzvn3l0dj/image/upload/v1688842441/faoe4lnajgpqhsbuytox.jpg
FK650_Marrom_3.jpg,http://res.cloudinary.com/dzvn3l0dj/image/upload/v1688842452/v1zeucoqy8k4a1nfglsu.jpg
FK650_Marrom_4.jpg,http://res.cloudinary.com/dzvn3l0dj/image/upload/v1688842455/v39jfjsj2cjcich5lheh.jpg
FK650_Nude_1.jpg,http://res.cloudinary.com/dzvn3l0dj/image/upload/v1688842456/n3ru2gfjrvcyq3vxobv4.jpg
FK650_Nude_2.jpg,http://res.cloudinary.com/dzvn3l0dj/image/upload/v1688842455/dfmcqliodm8vtqahnqpn.jpg
FK650_Nude_3.jpg,http://res.cloudinary.com/dzvn3l0dj/image/upload/v1688842454/dcaslb45fkc16kmuasna.jpg
FK650_Nude_4.jpg,http://res.cloudinary.com/dzvn3l0dj/image/upload/v1688842455/vc3xzgumt3zqflnjdb3o.jpg
FK650_Vinho_1.jpg,http://res.cloudinary.com/dzvn3l0dj/image/upload/v1688842438/fufxn0xbilsllmnqr4hv.jpg
FK650_Vinho_2.jpg,http://res.cloudinary.com/dzvn3l0dj/image/upload/v1688842454/f0s7lnw6xm3ftede4kbv.jpg
FK650_Vinho_3.jpg,http://res.cloudinary.com/dzvn3l0dj/image/upload/v1688842453/iifyndy6lyrde0bjmi5n.jpg
FK650_Vinho_4.jpg,http://res.cloudinary.com/dzvn3l0dj/image/upload/v1688842455/owzcnnpstc69xs6hnltg.jpg
FK651_Azul_1.jpg,http://res.cloudinary.com/dzvn3l0dj/image/upload/v1688842450/ovzuwta0jzehyebtehr4.jpg
FK651_Azul_2.jpg,http://res.cloudinary.com/dzvn3l0dj/image/upload/v1688842452/byrrkarhmg3ilfetame2.jpg
FK651_Azul_3.jpg,http://res.cloudinary.com/dzvn3l0dj/image/upload/v1688842458/zl83ymyi9xoajpk0yivf.jpg
FK651_Azul_4.jpg,http://res.cloudinary.com/dzvn3l0dj/image/upload/v1688842451/qpnrqmvgwrfol0qwg6wx.jpg
FK651_Nude_1.jpg,http://res.cloudinary.com/dzvn3l0dj/image/upload/v1688842454/ccbkuzlzwsm0scsg6orj.jpg
FK651_Nude_2.jpg,http://res.cloudinary.com/dzvn3l0dj/image/upload/v1688842443/eetx8bkyr1cy7wri9qcn.jpg
FK651_Nude_3.jpg,http://res.cloudinary.com/dzvn3l0dj/image/upload/v1688842452/bgla5f2lpjzs19cxvxk0.jpg
FK651_Nude_4.jpg,http://res.cloudinary.com/dzvn3l0dj/image/upload/v1688842453/xkrxn6tr18lxkzpeowlo.jpg
FK651_Preta_1.jpg,http://res.cloudinary.com/dzvn3l0dj/image/upload/v1688842443/hvquyog1bozmjhree2wp.jpg
FK651_Preta_2.jpg,http://res.cloudinary.com/dzvn3l0dj/image/upload/v1688842458/kvvxpnqwfgqn367aaqjm.jpg
FK651_Preta_3.jpg,http://res.cloudinary.com/dzvn3l0dj/image/upload/v1688842458/j7jddqitgsdlk2tkyp2j.jpg
FK651_Preta_4.jpg,http://res.cloudinary.com/dzvn3l0dj/image/upload/v1688842459/sb2deymovhetperaa5bf.jpg
FK652_Azul_1.jpg,http://res.cloudinary.com/dzvn3l0dj/image/upload/v1688842427/urmowo2iovgtxnjvx5jx.jpg
FK652_Azul_2.jpg,http://res.cloudinary.com/dzvn3l0dj/image/upload/v1688842446/j9pr29lhhka6nl1h5m9l.jpg
FK652_Azul_3.jpg,http://res.cloudinary.com/dzvn3l0dj/image/upload/v1688842457/amhhkhfzrfan4wbtkpqz.jpg
FK652_Azul_4.jpg,http://res.cloudinary.com/dzvn3l0dj/image/upload/v1688842446/s6rqscybks4ygx4fohpu.jpg
FK652_Dourada_1.jpg,http://res.cloudinary.com/dzvn3l0dj/image/upload/v1688842460/wktalmkupymtmoahvzit.jpg
FK652_Dourada_2.jpg,http://res.cloudinary.com/dzvn3l0dj/image/upload/v1688842459/dj5tgcbnw0lph496ddji.jpg
FK652_Dourada_3.jpg,http://res.cloudinary.com/dzvn3l0dj/image/upload/v1688842456/f1jmthx1renrnkarkjsq.jpg
FK652_Dourada_4.jpg,http://res.cloudinary.com/dzvn3l0dj/image/upload/v1688842458/e12vyzgkbnychmumau0a.jpg
FK652_Nude_1.jpg,http://res.cloudinary.com/dzvn3l0dj/image/upload/v1688842445/uyqovjdlbzyqsei4yabm.jpg
FK652_Nude_2.jpg,http://res.cloudinary.com/dzvn3l0dj/image/upload/v1688842451/gg9yb4v8oihlx6fxfyut.jpg
FK652_Nude_3.jpg,http://res.cloudinary.com/dzvn3l0dj/image/upload/v1688842454/yotvydwjg7xmwefwdybm.jpg
FK652_Nude_4.jpg,http://res.cloudinary.com/dzvn3l0dj/image/upload/v1688842452/p9otlupsktpkyddm00ll.jpg
FK653_Preta_1.jpg,http://res.cloudinary.com/dzvn3l0dj/image/upload/v1688842450/r5ez7yg1oangjx21xwqs.jpg
FK653_Preta_2.jpg,http://res.cloudinary.com/dzvn3l0dj/image/upload/v1688842453/xabjqnolxibvnn69tzbr.jpg
FK653_Preta_3.jpg,http://res.cloudinary.com/dzvn3l0dj/image/upload/v1688842457/jjbjawiaha6lqziedqh8.jpg
FK653_Preta_4.jpg,http://res.cloudinary.com/dzvn3l0dj/image/upload/v1688842452/zjjvl5rm3xp69yovx8mz.jpg
FK654_Azul_1.jpg,http://res.cloudinary.com/dzvn3l0dj/image/upload/v1688842447/sca7skmdlnnlqlojpg5e.jpg
FK654_Azul_2.jpg,http://res.cloudinary.com/dzvn3l0dj/image/upload/v1688842448/agymew4lhqsvytmqvps3.jpg
FK654_Azul_3.jpg,http://res.cloudinary.com/dzvn3l0dj/image/upload/v1688842457/sdrxdutcnmvvn7lcc71m.jpg
FK654_Azul_4.jpg,http://res.cloudinary.com/dzvn3l0dj/image/upload/v1688842455/jwlg39fgkmioxruyhqnd.jpg
FK654_Nude_1.jpg,http://res.cloudinary.com/dzvn3l0dj/image/upload/v1688842449/giitmoqcorml4my1tzmd.jpg
FK654_Nude_2.jpg,http://res.cloudinary.com/dzvn3l0dj/image/upload/v1688842441/pywvw7giqb2bmjwxqgej.jpg
FK654_Nude_3.jpg,http://res.cloudinary.com/dzvn3l0dj/image/upload/v1688842439/c9gexwoosjvxwzpkfemy.jpg
FK654_Nude_4.jpg,http://res.cloudinary.com/dzvn3l0dj/image/upload/v1688842455/mfb4hraydpnt1lifn8ed.jpg
FK654_Preta_1.jpg,http://res.cloudinary.com/dzvn3l0dj/image/upload/v1688842451/jpdh1w5khiwtlkekgbkd.jpg
FK654_Preta_2.jpg,http://res.cloudinary.com/dzvn3l0dj/image/upload/v1688842456/wfrydeczfufru91kpzpm.jpg
FK654_Preta_3.jpg,http://res.cloudinary.com/dzvn3l0dj/image/upload/v1688842448/h1rx2pvdg1yms3zjr4b4.jpg
FK654_Preta_4.jpg,http://res.cloudinary.com/dzvn3l0dj/image/upload/v1688842446/ut5m9nbvyzut4adk3shz.jpg
FK655_Azul_1.jpg,http://res.cloudinary.com/dzvn3l0dj/image/upload/v1688842451/aiwtgv6ngcuwyzhvtn7x.jpg
FK655_Azul_2.jpg,http://res.cloudinary.com/dzvn3l0dj/image/upload/v1688842454/qzybkbvzzyc5yebf0fxy.jpg
FK655_Azul_3.jpg,http://res.cloudinary.com/dzvn3l0dj/image/upload/v1688842459/wjxa2jjewwatrwy4wkvo.jpg
FK655_Azul_4.jpg,http://res.cloudinary.com/dzvn3l0dj/image/upload/v1688842449/xew2ft8ootcrp7ymsgqm.jpg
FK655_Marrom_1.jpg,http://res.cloudinary.com/dzvn3l0dj/image/upload/v1688842459/mdnlcrtjpaxmjjmkpmmi.jpg
FK655_Marrom_2.jpg,http://res.cloudinary.com/dzvn3l0dj/image/upload/v1688842461/ysvlmkuzpr6nmdcojuih.jpg
FK655_Marrom_3.jpg,http://res.cloudinary.com/dzvn3l0dj/image/upload/v1688842460/ge2n81m4h8px63ebcr5f.jpg
FK655_Marrom_4.jpg,http://res.cloudinary.com/dzvn3l0dj/image/upload/v1688842450/dmzcusi7wdfhkf0frhh3.jpg
FK655_Nude_1.jpg,http://res.cloudinary.com/dzvn3l0dj/image/upload/v1688842459/a3fovsc3qjvbt8aqvo44.jpg
FK655_Nude_2.jpg,http://res.cloudinary.com/dzvn3l0dj/image/upload/v1688842454/bqdqf19rt3468eyzt6m8.jpg
FK655_Nude_3.jpg,http://res.cloudinary.com/dzvn3l0dj/image/upload/v1688842452/zaqfb5clajlviunotuzt.jpg
FK655_Nude_4.jpg,http://res.cloudinary.com/dzvn3l0dj/image/upload/v1688842457/rg64x6mqjgxtdwdk3dee.jpg
FK655_Vinho_1.jpg,http://res.cloudinary.com/dzvn3l0dj/image/upload/v1688842462/nzogjuqp3evt6kbn1ygw.jpg
FK655_Vinho_2.jpg,http://res.cloudinary.com/dzvn3l0dj/image/upload/v1688842451/p0ca1c5jt2bcc5kosipu.jpg
FK655_Vinho_3.jpg,http://res.cloudinary.com/dzvn3l0dj/image/upload/v1688842457/bfwgnokfabztrn4nimwk.jpg
FK655_Vinho_4.jpg,http://res.cloudinary.com/dzvn3l0dj/image/upload/v1688842451/t3tk7yfy6ltposc3yorr.jpg
FK656_Azul_1.jpg,http://res.cloudinary.com/dzvn3l0dj/image/upload/v1688842457/dmda31dqcilx9spo2zuz.jpg
FK656_Azul_2.jpg,http://res.cloudinary.com/dzvn3l0dj/image/upload/v1688842456/orl4dcgwt98gjh3avifp.jpg
FK656_Azul_3.jpg,http://res.cloudinary.com/dzvn3l0dj/image/upload/v1688842449/ulu68vhpaxrfxy6ikevz.jpg
FK656_Azul_4.jpg,http://res.cloudinary.com/dzvn3l0dj/image/upload/v1688842460/jwyoz8wpbpm16oeflivh.jpg
FK656_Nude_1.jpg,http://res.cloudinary.com/dzvn3l0dj/image/upload/v1688842459/flyeanj1mgedpyfgm1nd.jpg
FK656_Nude_2.jpg,http://res.cloudinary.com/dzvn3l0dj/image/upload/v1688842447/bukev29mjdf8xk76kqgy.jpg
FK656_Nude_3.jpg,http://res.cloudinary.com/dzvn3l0dj/image/upload/v1688842461/mgdpurjsx3rxrdvqn6oo.jpg
FK656_Nude_4.jpg,http://res.cloudinary.com/dzvn3l0dj/image/upload/v1688842452/wyillzu1arekszspuvc9.jpg
FK656_Pink_1.jpg,http://res.cloudinary.com/dzvn3l0dj/image/upload/v1688842454/pwt3wocmxh3miyosxii3.jpg
FK656_Pink_2.jpg,http://res.cloudinary.com/dzvn3l0dj/image/upload/v1688842457/p95peekz260gz9egabmq.jpg
FK656_Pink_3.jpg,http://res.cloudinary.com/dzvn3l0dj/image/upload/v1688842458/ffy4yeoo0dft8kga8xt0.jpg
FK656_Pink_4.jpg,http://res.cloudinary.com/dzvn3l0dj/image/upload/v1688842457/lvzgobe6cifaqefjea4l.jpg
FK657_Azul_1.jpg,http://res.cloudinary.com/dzvn3l0dj/image/upload/v1688842457/oaotfnsqwp6vsetn6s1r.jpg
FK657_Azul_2.jpg,http://res.cloudinary.com/dzvn3l0dj/image/upload/v1688842457/wbbwcxi3jdgotdgjkupf.jpg
FK657_Azul_3.jpg,http://res.cloudinary.com/dzvn3l0dj/image/upload/v1688842457/i6fh18doryjdtd59vshj.jpg
FK657_Azul_4.jpg,http://res.cloudinary.com/dzvn3l0dj/image/upload/v1688842439/t4fiznu5hh5gwscjcofp.jpg
FK657_Marrom_1.jpg,http://res.cloudinary.com/dzvn3l0dj/image/upload/v1688842457/uxosm6ggrfznwrerckb1.jpg
FK657_Marrom_2.jpg,http://res.cloudinary.com/dzvn3l0dj/image/upload/v1688842459/ez3vu2vmxos88q9astvn.jpg
FK657_Marrom_3.jpg,http://res.cloudinary.com/dzvn3l0dj/image/upload/v1688842458/kdkpa9lvqsk0mvh0sjkm.jpg
FK657_Marrom_4.jpg,http://res.cloudinary.com/dzvn3l0dj/image/upload/v1688842456/c9dkdtppiu2zncsoo5i7.jpg
FK658_Preta_1.jpg,http://res.cloudinary.com/dzvn3l0dj/image/upload/v1688842457/lwh18izf5dtia5kuaodd.jpg
FK658_Preta_2.jpg,http://res.cloudinary.com/dzvn3l0dj/image/upload/v1688842452/uqfo0l3uihsnqeesffzd.jpg
FK658_Preta_3.jpg,http://res.cloudinary.com/dzvn3l0dj/image/upload/v1688842448/wio8nkiurapiqvflv39u.jpg
FK658_Preta_4.jpg,http://res.cloudinary.com/dzvn3l0dj/image/upload/v1688842449/ynxbnrewccrapg58m340.jpg
FK659_Azul_1.jpg,http://res.cloudinary.com/dzvn3l0dj/image/upload/v1688842462/x6depztyzxywmawub73e.jpg
FK659_Azul_2.jpg,http://res.cloudinary.com/dzvn3l0dj/image/upload/v1688842459/tutusx3ahvflqpirqrfw.jpg
FK659_Azul_3.jpg,http://res.cloudinary.com/dzvn3l0dj/image/upload/v1688842464/ravt9sthsicavkkdhslk.jpg
FK659_Azul_4.jpg,http://res.cloudinary.com/dzvn3l0dj/image/upload/v1688842460/h7dzlbbvazm7oanmfvha.jpg
FK659_Marrom_1.jpg,http://res.cloudinary.com/dzvn3l0dj/image/upload/v1688842457/d7les4y9rtyj0ees5wwv.jpg
FK659_Marrom_2.jpg,http://res.cloudinary.com/dzvn3l0dj/image/upload/v1688842461/rphzcg0xoq6jfgdpaki1.jpg
FK659_Marrom_3.jpg,http://res.cloudinary.com/dzvn3l0dj/image/upload/v1688842459/hwlwsiortfj8dvvezko6.jpg
FK659_Marrom_4.jpg,http://res.cloudinary.com/dzvn3l0dj/image/upload/v1688842461/klqcgqlclmr4n7lpehj7.jpg
FK659_Nude_1.jpg,http://res.cloudinary.com/dzvn3l0dj/image/upload/v1688842453/jxcccwqrsq1tgpleo5cm.jpg
FK659_Nude_2.jpg,http://res.cloudinary.com/dzvn3l0dj/image/upload/v1688842461/vtz99dqejsw83bhe7lc2.jpg
FK659_Nude_3.jpg,http://res.cloudinary.com/dzvn3l0dj/image/upload/v1688842458/slaxgbgfwv31c5bjypsq.jpg
FK659_Nude_4.jpg,http://res.cloudinary.com/dzvn3l0dj/image/upload/v1688842459/ggqy6ztbny8mgt7ygybt.jpg
FK659_Vinho_1.jpg,http://res.cloudinary.com/dzvn3l0dj/image/upload/v1688842460/h1hyhpmzlir6nro1vkk1.jpg
FK659_Vinho_2.jpg,http://res.cloudinary.com/dzvn3l0dj/image/upload/v1688842459/lnxejyitfe62sdcfcxju.jpg
FK659_Vinho_3.jpg,http://res.cloudinary.com/dzvn3l0dj/image/upload/v1688842459/cpzffqiy1ra9mv3w6zit.jpg
FK659_Vinho_4.jpg,http://res.cloudinary.com/dzvn3l0dj/image/upload/v1688842461/mmbfqivlfnooeiihzwig.jpg
FK660_Azul_1.jpg,http://res.cloudinary.com/dzvn3l0dj/image/upload/v1688842462/vqfdtffswsellxu4csw2.jpg
FK660_Azul_2.jpg,http://res.cloudinary.com/dzvn3l0dj/image/upload/v1688842456/wp4yx8z9a41dd2dto93w.jpg
FK660_Azul_3.jpg,http://res.cloudinary.com/dzvn3l0dj/image/upload/v1688842460/ghgoewu6jt27vtpwuqox.jpg
FK660_Azul_4.jpg,http://res.cloudinary.com/dzvn3l0dj/image/upload/v1688842458/zoedd7rxjwybjw4qhwtr.jpg
FK660_Marrom_1.jpg,http://res.cloudinary.com/dzvn3l0dj/image/upload/v1688842459/igckohrnltrccujtgsrq.jpg
FK660_Marrom_2.jpg,http://res.cloudinary.com/dzvn3l0dj/image/upload/v1688842459/mrc2h7o545th9sjhmx7z.jpg
FK660_Marrom_3.jpg,http://res.cloudinary.com/dzvn3l0dj/image/upload/v1688842459/ovqxx1ir7anciuoz1f9u.jpg
FK660_Marrom_4.jpg,http://res.cloudinary.com/dzvn3l0dj/image/upload/v1688842457/pvvwwg1jfgjqnei9dwbx.jpg
FK660_Nude_1.jpg,http://res.cloudinary.com/dzvn3l0dj/image/upload/v1688842461/jejgqoqdeenmnk016cpg.jpg
FK660_Nude_2.jpg,http://res.cloudinary.com/dzvn3l0dj/image/upload/v1688842456/faeteq54zjxisdrq6uwg.jpg
FK660_Nude_3.jpg,http://res.cloudinary.com/dzvn3l0dj/image/upload/v1688842457/ooszxmx0sprbvmv042jx.jpg
FK660_Nude_4.jpg,http://res.cloudinary.com/dzvn3l0dj/image/upload/v1688842457/krjnfuj0xw6jfjmkmwiz.jpg
FK660_Vinho_1.jpg,http://res.cloudinary.com/dzvn3l0dj/image/upload/v1688842459/lk87ximsjnbcn27q76qf.jpg
FK660_Vinho_2.jpg,http://res.cloudinary.com/dzvn3l0dj/image/upload/v1688842459/cobc5amybruqhqfzh9qe.jpg
FK660_Vinho_3.jpg,http://res.cloudinary.com/dzvn3l0dj/image/upload/v1688842453/xukh8timfabebrasgcm8.jpg
FK660_Vinho_4.jpg,http://res.cloudinary.com/dzvn3l0dj/image/upload/v1688842458/ghbwknhjio4axmyjw4gh.jpg
